;Unnamed: 0;0TextId;year;author-gender;verbs;innerVerbs;sehen:perception;wollen:volition;müssen:moral;wissen:cognition;sollen:moral;mögen:affect;meinen:cognition;hören:perception;denken:cognition;lieben:affect;fühlen:affect;verstehen:cognition;erkennen:cognition;vergessen:cognition;brauchen:volition;vermögen:volition;blicken:perception;bemerken:perception
0;0;k00200002395;1775;m;8198;699;249;38;0;132;8;11;13;85;115;45;33;18;10;22;32;7;2;5
1;1;k00100000095;1801;f;2810;268;77;14;1;41;2;7;3;20;31;38;17;9;3;13;3;5;11;9
2;2;k00100000081;1889;f;3666;317;90;3;0;62;0;14;16;53;30;21;18;14;7;5;12;7;14;7
3;3;k00200000743;1908;m;14941;1130;460;12;3;142;7;25;33;196;97;23;71;59;22;13;43;6;53;3
4;4;k00100000268;1909;m;22355;1738;667;56;5;262;5;24;60;309;166;49;77;67;68;11;89;16;10;42
5;5;k00200002140;1881;m;8939;728;327;25;0;81;22;19;17;113;92;21;36;12;24;17;18;11;41;5
6;6;k00200000031;1871;m;7952;732;201;21;0;177;1;5;21;115;63;22;36;39;42;28;16;1;4;6
7;7;k00100000254;1896;m;22396;1871;678;29;3;305;7;50;108;315;144;18;60;68;73;21;95;38;110;81
8;8;k00100000240;1908;m;7375;548;234;12;2;92;1;19;12;94;39;25;11;28;17;16;16;0;3;17
9;9;k00200002197;1900;m;8626;734;188;27;2;203;2;11;55;140;81;25;26;20;12;6;33;4;18;14
10;10;k00200003289;1882;m;5604;452;160;8;1;72;2;11;20;70;27;21;27;20;10;13;15;5;31;3
11;11;k00100000297;1773;m;14514;1008;342;21;1;250;4;16;26;126;147;83;25;55;19;34;45;8;30;27
12;12;k00200000964;1908;m;8405;586;180;6;0;112;1;20;10;62;116;34;29;27;16;11;8;9;29;17
13;13;k00200000970;1891;m;11352;786;230;25;0;150;2;36;39;128;68;54;53;41;12;14;17;22;14;8
14;14;k00100000308;1781;m;10216;716;256;73;3;161;1;14;3;84;69;6;6;20;8;23;70;7;0;1
15;15;k00200000145;1906;f;8594;666;357;19;13;22;3;5;52;97;91;9;13;18;7;8;22;0;1;5
16;16;k00200002752;1903;m;5806;396;155;7;1;19;1;13;24;61;35;21;36;25;19;12;13;3;17;13
17;17;k00100000446;1795;f;9717;809;191;15;0;86;0;9;0;121;66;133;86;12;38;51;13;9;78;28
18;18;k00200003302;1900;m;10874;1043;345;8;1;214;0;43;112;112;76;12;59;51;14;15;36;30;61;36
19;19;k00100000320;1879;m;8250;699;219;10;1;211;3;15;68;103;83;7;25;15;11;11;38;4;19;9
20;20;k00100000334;1910;m;7653;814;320;8;1;171;1;7;49;97;92;33;54;26;28;31;15;3;8;14
21;21;k00200001501;1869;m;13004;803;172;13;0;127;3;47;43;72;79;34;54;49;36;28;32;36;45;89
22;22;k00200002785;1917;m;10556;812;241;27;1;156;0;18;40;120;77;66;57;28;13;15;39;4;29;39
23;23;k00200002791;1901;m;8863;795;279;19;0;154;2;21;33;98;77;17;36;34;34;24;41;4;27;20
24;24;k00200001298;1904;m;7438;829;185;27;3;229;13;33;30;88;54;16;47;68;27;10;42;19;37;14
25;25;k00200002961;1900;m;16567;1158;498;19;0;193;5;40;80;124;111;12;29;38;58;15;40;18;61;46
26;26;k00100000122;1812;f;5451;413;161;13;1;85;0;11;7;50;39;16;37;14;8;9;6;0;12;5
27;27;k00200001065;1911;m;14893;1898;509;44;3;330;2;18;89;178;444;83;134;68;28;38;25;6;54;36
28;28;k00200003114;1910;f;10908;1201;369;32;0;177;3;37;73;146;176;5;83;93;19;15;33;1;22;40
29;29;k00200002593;1906;f;9940;806;302;22;2;159;2;24;38;162;64;15;24;23;7;24;24;2;4;4
30;30;k00100000137;1819;f;6938;419;104;11;0;45;0;20;9;49;63;48;47;21;10;13;2;12;31;18
31;31;k00100000123;1814;f;4644;470;140;22;0;88;0;7;4;61;76;22;38;21;14;20;5;4;8;1
32;32;k00200002545;1900;m;4460;466;185;4;0;73;0;10;6;37;37;22;74;11;17;9;4;8;5;1
33;33;k00200000352;1874;m;2807;193;82;2;2;26;2;0;1;23;15;8;8;3;10;6;6;0;9;0
34;34;k00200001299;1897;m;25891;2333;754;61;1;451;6;85;70;206;177;48;113;136;144;40;72;52;175;110
35;35;k00200002009;1834;m;14354;1081;436;62;0;138;8;24;49;207;76;18;29;65;25;34;38;8;16;28
36;36;k00200001500;1869;m;13510;875;193;17;2;169;2;50;75;69;103;24;42;40;17;34;43;39;52;81
37;37;k00100000335;1875;m;8350;611;207;27;1;139;10;16;55;83;52;15;6;22;9;9;18;10;40;8
38;38;k00100000453;1817;m;5209;413;158;19;2;83;5;8;14;77;28;7;1;27;10;10;18;0;7;1
39;39;k00200001266;1915;m;11031;1046;311;20;3;288;1;4;30;85;166;37;86;62;22;28;41;4;4;3
40;40;k00100000447;1798;f;10369;702;222;7;0;72;1;38;5;57;50;39;150;24;33;12;13;27;37;33
41;41;k00200001272;1919;m;6358;425;124;6;0;76;0;14;69;67;49;9;27;25;22;6;23;8;7;17
42;42;k00100000321;1887;m;5060;416;106;16;1;143;3;9;31;67;34;3;17;20;3;7;25;1;5;5
43;43;k00100000309;1781;m;10286;689;233;55;6;123;0;3;1;84;84;7;20;39;22;17;86;2;1;13
44;44;k00200002753;1900;m;7012;521;217;19;1;15;1;32;30;88;55;8;38;32;26;26;12;6;18;15
45;45;k00200000144;1919;f;8670;691;356;23;10;27;2;5;50;154;94;3;10;13;9;10;29;0;10;4
46;46;k00200002747;1914;m;10136;790;301;32;2;107;5;24;29;96;92;13;47;28;20;16;30;3;65;8
47;47;k00200000971;1880;m;9006;572;163;9;0;93;2;39;22;88;58;44;35;23;12;20;13;34;16;6
48;48;k00100000282;1776;m;16901;1528;648;78;1;126;17;14;7;165;224;129;98;14;6;52;27;4;60;19
49;49;k00100000296;1790;f;12938;1084;278;30;2;275;9;35;4;121;141;63;77;42;26;36;33;16;16;12
50;50;k00200000959;1901;m;8551;466;119;16;0;72;2;3;22;68;72;37;10;13;22;19;13;3;41;8
51;51;k00200000781;1861;m;13908;1282;407;29;0;273;5;35;52;134;118;31;118;50;44;63;65;11;6;31
52;52;k00200003288;1882;m;2915;285;94;11;0;25;1;13;3;55;16;10;15;16;26;3;10;2;16;2
53;53;k00200003263;1915;f;6006;445;165;10;0;59;1;18;35;48;61;4;17;12;9;25;12;7;34;5
54;54;k00100000255;1896;m;21075;1725;563;39;1;323;5;43;85;388;145;14;34;51;62;17;91;33;57;67
55;55;k00200000030;1871;m;8985;691;200;20;3;148;1;4;58;99;84;16;30;42;10;19;23;1;5;2
56;56;k00100000269;1910;m;21003;1744;646;78;2;290;13;17;64;361;137;53;65;88;55;16;72;15;12;33
57;57;k00200000742;1915;m;13764;1031;453;17;6;148;5;13;22;150;83;20;45;40;26;26;51;8;19;9
58;58;k00100000080;1887;f;9098;604;188;23;1;117;4;23;46;90;60;11;19;17;11;19;24;20;27;14
59;59;k00100000094;1801;f;1819;164;44;5;2;24;0;7;1;23;17;16;8;11;1;12;2;2;2;4
60;60;k00200002394;1799;m;8744;626;270;10;0;99;8;32;7;122;67;12;36;25;24;4;20;22;6;15
61;61;k00200001845;1907;f;8596;786;293;10;2;116;2;12;56;184;89;2;23;23;16;25;23;2;11;30
62;62;k00200000568;1889;f;5820;311;145;5;0;44;2;9;11;23;40;13;9;3;5;11;7;5;44;5
63;63;k00100000043;1915;f;14402;1083;383;15;1;188;0;38;99;138;73;48;67;37;22;43;17;26;12;25
64;64;k00200001662;1865;m;11681;904;268;16;1;210;8;13;32;171;75;39;35;44;26;24;33;8;14;35
65;65;k00200002425;1855;m;11821;853;278;26;1;141;9;38;43;119;62;27;56;35;26;21;30;20;53;52
66;66;k00200002343;1896;m;6315;690;214;11;1;120;4;8;13;65;117;47;34;27;5;26;8;6;47;18
67;67;k00200001886;1912;m;11339;880;237;19;0;166;2;4;37;82;92;64;42;49;30;12;38;3;80;9
68;68;k00200001138;1892;m;10410;998;259;35;4;144;4;29;126;136;109;38;60;74;16;15;34;10;33;25
69;69;k00200000556;1909;m;25491;2128;591;54;1;422;9;66;177;309;202;64;113;93;64;40;131;7;96;49
70;70;k00200002427;1855;m;7686;532;169;10;0;101;1;28;24;87;44;11;40;14;15;18;8;12;31;25
71;71;k00200002433;1854;m;17181;1068;435;17;0;153;3;24;26;170;75;57;57;28;42;26;32;14;102;59
72;72;k00200001884;1919;m;3520;363;102;5;0;56;0;2;10;35;34;19;43;18;7;1;5;0;49;11
73;73;k00200000542;1905;m;8199;739;276;18;3;94;3;24;13;99;110;28;46;42;8;12;19;2;45;9
74;74;k00100000041;1889;f;8794;918;330;11;2;112;1;15;31;95;130;87;87;29;20;19;16;2;7;31
75;75;k00200001112;1897;m;6086;549;170;19;1;108;3;12;9;91;45;10;42;26;38;10;20;6;25;4
76;76;k00100000055;1892;f;5298;371;122;6;0;76;0;5;20;74;50;6;11;7;5;18;11;0;22;1
77;77;k00200002369;1886;f;4592;328;104;12;0;64;1;12;26;48;18;6;14;8;4;5;10;2;30;10
78;78;k00200000595;1900;m;3879;303;117;8;1;46;1;8;45;33;30;8;17;8;3;10;7;1;7;7
79;79;k00100000082;1890;f;7850;480;143;11;0;82;0;13;24;73;54;48;23;16;10;18;11;10;34;10
80;80;k00100000096;1802;f;4596;509;125;16;1;101;2;28;6;67;58;59;37;14;9;24;15;5;7;9
81;81;k00200000032;1871;m;8423;775;278;25;6;157;3;9;33;104;77;26;27;41;25;17;16;3;6;6
82;82;k00200003249;1910;f;6756;513;199;15;1;74;3;19;47;50;61;6;25;9;8;18;11;5;27;7
83;83;k00200000026;1802;m;3230;267;88;2;0;26;0;9;13;38;26;18;32;6;10;6;6;5;16;5
84;84;k00100000243;1856;m;9519;1172;406;31;2;288;2;18;65;115;99;27;78;35;21;50;24;5;9;19
85;85;k00200003261;1919;f;6549;398;132;10;0;58;3;12;31;47;51;8;16;20;1;13;34;3;24;2
86;86;k00200003275;1906;f;5939;503;181;7;1;54;4;6;51;56;63;15;26;25;6;17;16;1;44;3
87;87;k00100000257;1896;m;19873;1857;701;38;3;347;8;60;91;328;164;8;44;60;44;11;109;52;62;78
88;88;k00200001304;1909;m;10076;1064;308;25;2;208;1;28;41;80;96;15;59;95;41;8;53;15;52;41
89;89;k00200002180;1888;m;9022;500;246;14;0;68;1;20;39;58;54;9;17;21;19;13;21;9;16;11
90;90;k00200002802;1898;f;12451;1113;344;30;0;185;6;32;64;120;149;62;61;49;20;44;32;5;36;16
91;91;k00100000280;1885;f;4435;410;169;6;0;66;0;7;10;45;42;34;38;16;10;7;6;5;12;12
92;92;k00100000294;1787;f;14737;1228;394;17;3;295;1;41;7;155;206;74;59;34;33;40;36;11;33;14
93;93;k00200000967;1812;m;8139;705;209;26;3;139;4;28;39;100;68;32;32;37;14;32;14;11;12;14
94;94;k00200002816;1915;m;10183;1064;319;25;1;175;0;13;142;135;94;53;74;44;13;38;37;2;33;16
95;95;k00200000146;1909;f;7988;510;287;15;7;18;4;6;34;95;52;5;10;13;10;3;34;1;12;3
96;96;k00200002751;1900;m;5901;366;170;8;1;13;1;10;26;52;33;10;24;17;16;10;13;1;21;13
97;97;k00200003329;1912;f;8354;678;256;19;0;159;9;23;39;95;54;15;21;21;19;13;18;6;9;9
98;98;k00100000337;1859;m;10350;916;367;21;0;215;3;21;31;92;94;15;53;34;36;25;24;4;22;17
99;99;k00200001502;1879;m;20491;1410;407;29;2;219;8;79;92;155;112;20;68;53;73;66;83;46;72;102
100;100;k00100000323;1891;m;6156;481;164;17;5;122;0;21;41;83;40;11;9;19;7;5;29;1;5;19
101;101;k00200001516;1913;m;10625;693;215;29;5;159;5;13;32;125;47;12;26;39;6;18;71;2;12;1
102;102;k00100000445;1845;m;33347;2115;634;66;8;411;20;72;40;401;155;107;112;87;121;88;66;32;86;79
103;103;k00200002779;1919;m;2456;156;47;2;0;21;0;4;1;28;20;11;15;10;9;4;2;1;3;4
104;104;k00200000191;1852;f;5487;362;111;5;0;59;4;14;16;62;42;11;15;21;5;8;19;1;29;8
105;105;k00100000109;1885;m;3837;322;128;13;0;72;1;6;10;35;42;5;2;17;9;7;9;0;2;2
106;106;k00200000344;1876;m;9940;579;202;20;2;103;8;6;42;77;31;35;12;30;17;19;15;3;17;12
107;107;k00200002547;1912;f;6401;562;220;15;1;95;0;6;42;72;67;14;12;16;14;17;31;1;14;21
108;108;k00200002209;1908;m;10340;1011;282;29;3;215;3;19;30;122;131;51;54;53;17;27;47;14;20;16
109;109;k00100000135;1864;m;32451;2691;1121;34;3;456;6;66;83;363;267;35;183;94;102;69;54;58;102;46
110;110;k00200001066;1907;m;6266;810;350;10;0;118;0;6;19;80;107;13;72;6;20;30;17;2;51;17
111;111;k00100000121;1810;f;9029;718;210;14;0;128;2;14;28;99;89;25;51;39;39;20;6;3;35;24
112;112;k00200001099;1884;m;9709;635;168;23;1;127;9;54;14;62;56;1;33;24;44;13;17;39;66;2
113;113;k00200000393;1903;m;3653;218;52;17;1;33;1;2;4;22;14;12;24;2;5;7;8;2;25;1
114;114;k00200001933;1892;m;14620;1472;574;41;3;223;2;21;36;148;202;97;74;65;19;39;32;12;43;22
115;115;k00100000120;1807;f;9146;786;250;20;0;110;1;13;28;92;56;37;102;33;45;27;9;5;74;22
116;116;k00100000134;1855;m;36829;2822;1229;51;2;488;14;45;34;453;284;40;187;103;95;49;95;37;81;60
117;117;k00200001701;1883;f;7514;653;236;5;2;90;1;23;42;76;71;23;32;40;11;24;12;12;47;22
118;118;k00200002208;1908;m;11933;1120;339;34;3;213;1;8;61;151;144;51;64;48;24;20;33;0;29;20
119;119;k00200003116;1903;f;6733;473;130;22;1;103;5;9;38;69;68;12;22;26;8;7;18;2;11;3
120;120;k00200001067;1909;m;14916;1781;588;44;1;296;2;18;86;160;313;96;146;48;17;40;41;11;55;34
121;121;k00200000379;1911;m;11292;1178;524;14;2;146;0;3;23;159;157;33;125;29;25;24;16;0;6;31
122;122;k00200002234;1905;f;6408;615;153;26;1;99;1;4;9;73;78;106;39;27;15;18;10;3;14;14
123;123;k00100000108;1884;m;6819;582;229;19;0;126;5;6;11;94;54;27;25;15;19;12;10;0;13;7
124;124;k00200002552;1919;m;8353;640;181;14;0;119;2;4;18;72;99;15;55;27;16;18;19;3;18;0
125;125;k00200002963;1911;m;11551;842;334;12;0;98;3;28;82;76;69;9;46;42;68;16;37;19;21;33
126;126;k00200002787;1911;m;11928;987;365;26;2;206;0;43;59;97;96;30;72;27;16;15;29;7;33;21
127;127;k00200000184;1906;f;10320;1273;437;28;3;181;1;32;39;121;215;79;119;46;34;9;34;13;11;17
128;128;k00100000322;1888;m;5249;413;130;17;1;118;1;17;45;51;24;9;7;14;3;8;17;6;8;6
129;129;k00200002778;1912;m;5979;513;152;8;0;66;2;2;13;87;61;40;56;35;16;16;6;1;8;11
130;130;k00100000444;1837;m;13959;813;211;22;2;149;7;20;34;134;64;54;91;32;56;39;22;10;40;27
131;131;k00200001271;1919;m;6924;456;138;10;0;92;0;15;74;70;50;6;16;28;19;5;27;4;15;6
132;132;k00200001503;1905;m;9566;511;140;4;0;67;4;38;33;80;38;5;23;37;27;17;39;19;22;32
133;133;k00100000336;1857;m;9663;828;315;17;3;175;0;23;33;105;89;8;47;35;24;17;19;1;19;22
134;134;k00200002744;1907;m;5828;545;232;4;1;59;0;13;30;44;31;14;41;31;15;9;13;3;42;15
135;135;k00200002750;1919;m;6753;553;163;19;0;84;2;28;12;58;71;28;53;19;6;26;12;7;31;10
136;136;k00200002988;1874;m;24783;1628;397;21;0;225;7;127;189;184;136;35;89;74;82;66;67;86;101;101
137;137;k00200000147;1844;m;4722;414;126;13;0;74;1;5;6;75;42;39;16;14;5;11;15;1;9;5
138;138;k00100000295;1788;f;17667;1399;422;34;5;274;8;56;2;214;185;110;56;45;40;66;38;34;27;30
139;139;k00200002817;1917;m;7257;673;233;11;0;94;1;7;116;98;49;32;28;26;2;19;29;0;20;21
140;140;k00200000972;1895;m;8034;533;159;8;1;98;0;39;22;79;41;23;19;50;17;13;12;34;22;8
141;141;k00100000281;1905;f;4829;409;149;3;0;71;0;4;14;55;37;23;49;15;7;10;2;2;8;18
142;142;k00100000256;1896;m;19793;1562;548;44;8;249;9;26;45;329;170;20;69;62;46;14;99;15;38;61
143;143;k00200000769;1889;m;6838;462;101;14;0;126;2;29;39;79;37;6;18;18;12;13;31;5;0;4
144;144;k00200000741;1899;m;13467;1184;401;16;1;186;9;31;40;188;111;28;68;62;28;19;30;12;90;3
145;145;k00200000033;1869;m;8216;690;238;18;0;145;1;12;13;88;60;20;25;54;31;12;9;4;7;22
146;146;k00100000097;1808;f;2351;217;42;15;0;26;1;6;3;19;21;36;22;9;8;10;1;6;4;8
147;147;k00100000083;1903;f;5953;457;165;17;0;68;6;9;33;47;39;38;22;10;7;16;18;5;24;8
148;148;k00200003089;1913;m;8837;693;181;26;0;171;1;1;56;94;51;36;13;48;7;16;46;0;20;29
149;149;k00200001852;1914;m;3825;299;113;9;0;32;1;0;26;37;37;2;3;11;7;10;7;0;16;21
150;150;k00200001661;1864;m;11232;872;268;21;0;201;2;16;45;129;50;33;16;29;45;31;43;5;9;40
151;151;k00100000054;1920;f;3980;280;45;14;0;53;2;5;51;53;41;4;10;9;2;14;15;2;3;2
152;152;k00100000040;1888;m;27173;1786;392;60;4;296;4;63;77;236;199;117;165;112;112;52;62;29;48;44
153;153;k00200001113;1890;m;2864;145;61;5;0;27;0;16;5;21;6;2;9;1;8;0;0;10;11;0
154;154;k00200002432;1920;m;16179;1493;420;38;4;226;6;11;104;157;231;137;43;50;14;49;34;2;137;43
155;155;k00200000543;1908;m;9665;858;236;23;1;166;4;19;29;115;125;53;48;29;25;22;31;5;32;13
156;156;k00200001649;1812;m;47410;3281;1128;68;3;502;24;195;60;401;250;81;220;78;221;75;30;161;286;143
157;157;k00200000557;1906;m;15051;1407;362;41;1;269;18;40;200;205;160;29;52;41;25;25;74;3;63;23
158;158;k00200002426;1855;m;9364;717;248;13;0;116;2;32;29;119;54;18;43;29;32;26;10;20;24;43
159;159;k00200001117;1899;m;14734;1421;627;49;2;166;3;33;40;145;177;79;109;46;9;30;41;13;43;23
160;160;k00100000044;1801;m;16349;1525;490;31;0;221;2;19;29;197;149;166;140;50;43;50;23;3;49;56
161;161;k00200001671;1919;m;9202;630;230;14;0;124;8;13;31;93;60;18;26;24;33;17;13;10;16;21
162;162;k00200003072;1908;m;8269;637;166;26;0;155;2;2;15;67;73;45;18;41;43;19;28;0;12;33
163;163;k00100000078;1876;f;8655;623;180;9;0;99;2;16;47;71;97;32;29;37;7;7;22;14;45;15
164;164;k00200002344;1903;m;11577;962;334;18;1;120;1;28;29;93;123;25;41;20;21;41;38;17;128;28
165;165;k00100000087;1834;m;9361;890;352;22;1;88;2;16;37;188;52;27;16;21;54;19;5;2;110;53
166;166;k00200003099;1911;m;8162;697;155;39;0;178;5;21;32;80;110;57;28;13;20;17;14;10;16;25
167;167;k00200002393;1907;m;10064;825;314;19;0;127;4;6;31;96;91;65;37;21;6;32;31;2;57;10
168;168;k00100000246;1866;f;12213;1016;358;8;0;160;2;32;77;148;114;36;55;32;40;37;17;13;36;55
169;169;k00100000252;1894;m;22198;2209;740;121;4;452;15;26;108;334;250;22;38;66;58;17;131;13;47;68
170;170;k00200000037;1869;m;7082;516;173;19;2;127;2;6;20;85;44;13;16;30;19;10;4;4;1;2
171;171;k00100000285;1832;m;15753;1162;340;35;1;218;13;57;44;169;159;34;69;41;45;27;20;12;47;52
172;172;k00200000786;1867;m;14665;1036;331;31;1;223;1;41;41;109;66;8;63;45;68;21;50;4;19;59
173;173;k00100000332;1916;f;3266;239;55;5;2;65;0;1;26;32;28;1;16;15;4;8;17;1;3;6
174;174;k00100000440;1800;m;34057;2487;962;75;2;459;28;90;78;377;297;120;141;84;89;60;101;65;28;49
175;175;k00200002754;1904;m;7666;694;203;13;0;131;1;10;82;50;66;35;86;30;9;14;24;5;40;9
176;176;k00200002998;1914;m;6178;586;163;21;0;117;0;21;17;92;40;18;34;20;33;6;13;7;35;28
177;177;k00200001249;1906;m;9567;340;165;7;1;58;1;14;7;60;50;7;20;25;26;4;31;8;8;5
178;178;k00200000180;1900;f;8506;906;311;16;1;144;0;20;19;82;151;60;63;41;14;11;23;3;15;28
179;179;k00100000130;1896;m;8295;729;128;61;2;155;13;7;52;99;127;7;15;30;15;6;36;2;54;9
180;180;k00100000124;1829;f;18862;1960;628;62;1;421;1;53;44;229;299;56;94;99;53;55;34;11;20;44
181;181;k00200003106;1919;m;5291;463;161;9;3;115;0;4;5;47;36;70;11;5;8;20;9;3;12;1
182;182;k00200002218;1893;m;4890;448;181;16;0;80;0;7;30;50;28;9;20;12;10;4;17;3;27;9
183;183;k00200000341;1876;m;8964;527;150;25;4;95;13;4;77;76;47;19;8;24;16;11;11;0;11;4
184;184;k00200000427;1896;m;7520;439;188;18;0;58;4;16;15;106;17;10;9;15;6;5;6;4;27;6
185;185;k00200000355;1876;m;1892;96;27;6;2;15;4;0;10;11;12;8;2;4;4;1;1;0;2;1
186;186;k00100000119;1906;m;3752;365;123;19;0;60;2;2;13;52;93;3;7;13;1;4;16;0;0;3
187;187;k00200000354;1834;m;5267;307;70;12;3;55;8;8;42;42;28;14;5;16;9;9;10;5;10;2
188;188;k00200000340;1895;m;5717;373;83;17;2;62;6;7;60;64;21;16;3;18;14;9;26;5;4;4
189;189;k00200002219;1911;m;9112;862;251;24;2;155;2;7;40;123;122;28;60;42;18;16;45;1;28;12
190;190;k00100000125;1862;f;5244;375;100;7;0;54;2;27;14;55;35;12;29;10;7;9;11;20;26;9
191;191;k00200001710;1897;m;7428;547;126;26;0;112;5;10;29;94;68;32;22;24;19;22;10;5;17;27
192;192;k00100000131;1905;m;18544;1582;301;86;3;335;25;37;81;198;258;32;69;108;34;17;67;18;118;14
193;193;k00200000181;1892;f;7477;756;245;21;0;126;2;25;27;75;109;39;77;36;16;22;15;10;8;19
194;194;k00200002966;1868;m;9148;547;168;22;0;86;6;24;11;40;42;33;23;16;55;17;12;13;68;9
195;195;k00200002741;1906;m;6083;486;171;18;2;55;0;19;18;44;64;15;31;22;11;18;13;2;26;9
196;196;k00200000624;1913;m;8747;698;216;18;3;110;1;9;45;113;74;12;38;36;6;21;33;4;24;7
197;197;k00200002755;1906;m;9825;851;193;19;1;130;2;26;90;87;91;30;110;18;26;25;22;11;63;16
198;198;k00200001506;1854;m;27061;2295;752;98;1;401;21;75;69;469;262;69;55;75;71;44;64;27;137;34
199;199;k00200002769;1892;m;5348;467;153;16;1;97;0;9;15;56;56;33;25;31;6;10;15;2;11;16
200;200;k00200002190;1908;m;7010;437;138;9;2;100;1;20;10;44;41;18;22;26;11;21;20;4;28;13
201;201;k00200000793;1854;m;18306;1378;501;50;1;236;8;12;34;185;117;38;89;64;86;36;61;1;23;33
202;202;k00200000963;1898;m;11729;885;314;23;1;167;5;11;71;129;94;46;10;28;12;13;22;2;23;9
203;203;k00100000290;1915;m;12514;1116;417;13;1;166;4;33;27;83;132;45;97;77;32;17;34;6;28;38
204;204;k00100000284;1865;m;22695;1538;358;30;2;227;7;122;58;152;182;51;119;78;81;63;65;92;108;110
205;205;k00200002806;1913;m;9217;851;317;17;1;133;0;16;51;88;97;55;58;20;17;32;36;7;31;8
206;206;k00200000036;1869;m;10726;833;279;21;0;205;2;10;22;110;77;30;44;40;48;17;7;4;4;14
207;207;k00200000778;1864;m;11759;908;371;22;0;164;0;11;38;114;74;14;56;32;50;20;69;0;9;18
208;208;k00100000253;1894;m;21116;1922;565;77;2;311;32;54;159;288;185;16;28;70;96;26;96;45;99;104
209;209;k00200003271;1913;f;7989;706;228;18;1;96;0;52;38;56;79;15;38;45;11;29;21;24;64;4
210;210;k00200003265;1917;f;6333;454;139;8;1;64;0;20;44;63;65;2;25;22;10;17;25;8;17;4
211;211;k00100000247;1867;f;10720;815;324;17;0;142;0;28;47;115;87;24;36;22;17;26;18;14;37;9
212;212;k00200002392;1909;m;9899;631;249;19;0;95;3;7;24;121;74;25;20;15;2;19;19;3;38;4
213;213;k00100000086;1815;m;12040;1060;503;20;0;145;5;27;28;156;39;40;30;39;61;18;6;3;105;100
214;214;k00200001880;1911;m;3390;269;95;3;0;30;0;2;4;37;23;21;30;17;6;17;8;0;11;5
215;215;k00100000079;1880;f;4634;375;108;10;1;59;0;10;30;46;43;22;11;9;11;14;24;8;25;5
216;216;k00200000552;1916;m;9898;975;296;38;1;192;5;10;31;88;195;20;37;48;10;34;43;4;32;10
217;217;k00200001670;1864;m;11459;753;213;21;2;151;2;30;29;126;63;32;24;33;35;15;29;20;15;37
218;218;k00200001100;1905;m;7441;479;119;14;0;84;4;27;23;63;54;1;34;26;43;11;15;12;25;5
219;219;k00100000053;1916;f;6171;295;43;10;0;23;9;8;48;60;63;0;0;9;7;12;20;0;17;1
220;220;k00200001666;1856;m;24149;1426;431;29;4;313;6;48;67;259;80;56;56;71;60;36;29;33;50;56
221;221;k00200003071;1860;m;25307;1597;504;33;1;340;4;47;72;314;85;36;55;78;80;31;47;34;41;78
222;222;k00200003065;1918;m;3393;355;150;9;0;64;0;14;1;59;26;7;12;12;11;19;4;0;3;18
223;223;k00200001114;1912;m;5333;371;129;24;1;90;3;25;8;59;22;1;17;16;21;1;13;8;11;1
224;224;k00200000544;1916;m;10708;922;243;22;2;156;2;19;52;138;112;40;63;54;34;22;50;8;29;20
225;225;k00200002347;1906;m;4974;315;121;4;1;54;0;8;3;56;23;13;15;11;12;12;5;4;25;7
226;226;k00100000090;1919;m;12795;1007;400;20;1;192;1;12;35;106;107;23;60;58;40;23;36;5;22;13
227;227;k00100000084;1788;f;13109;721;199;20;2;79;8;14;2;113;133;89;117;26;11;34;22;12;0;18
228;228;k00200000587;1906;m;27668;2404;901;65;4;482;12;81;94;347;209;25;108;135;57;77;153;32;40;81
229;229;k00200002390;1903;m;6293;523;282;7;0;98;4;4;29;60;38;12;12;20;2;10;16;1;3;4
230;230;k00200002384;1881;m;37706;2551;652;128;5;540;35;76;252;337;241;88;79;84;132;64;114;33;91;90
231;231;k00200001855;1904;m;3494;292;102;7;0;36;1;4;17;49;35;1;9;15;7;8;7;4;11;13
232;232;k00100000251;1892;m;21101;1639;525;43;2;271;23;28;125;301;97;31;23;78;54;32;89;14;117;87
233;233;k00200000008;1832;m;16487;1396;439;34;4;273;2;52;67;225;133;60;31;53;48;47;48;1;72;45
234;234;k00200002179;1883;m;6051;468;206;13;0;72;0;14;30;50;48;20;7;30;13;13;17;6;9;16
235;235;k00200001458;1917;m;4251;405;141;3;0;57;0;7;3;55;33;2;46;18;17;6;6;3;48;15
236;236;k00200000034;1869;m;9703;727;236;20;0;161;1;13;28;111;59;23;36;34;35;23;12;6;8;9
237;237;k00100000279;1913;m;9524;942;323;19;1;183;0;18;32;139;85;10;62;62;20;23;19;7;60;19
238;238;k00100000292;1835;m;7337;614;191;19;1;95;1;21;20;87;105;32;31;27;12;15;21;14;38;10
239;239;k00200000961;1900;m;8927;675;236;19;0;106;0;6;35;83;70;58;9;30;15;14;17;2;36;7
240;240;k00100000286;1785;m;14383;834;182;14;0;110;0;29;9;174;177;29;118;21;13;43;13;3;41;32
241;241;k00200000949;1886;m;6515;487;193;16;0;79;0;7;20;82;51;11;17;20;9;10;14;5;18;2
242;242;k00200002019;1888;m;5533;302;140;8;8;8;1;11;20;53;27;1;5;16;12;3;10;7;11;14
243;243;k00100000325;1899;m;4910;341;84;13;2;108;1;13;34;65;22;6;6;10;2;3;32;5;6;4
244;244;k00100000443;1920;m;16913;1080;238;31;1;176;14;22;152;141;117;34;65;34;28;9;53;1;64;29
245;245;k00100000331;1913;f;4656;551;136;7;1;131;0;9;61;79;63;23;38;32;9;12;8;5;7;17
246;246;k00100000319;1869;m;12383;1035;349;23;1;302;6;31;54;99;82;14;46;54;16;34;48;5;55;12
247;247;k00200000829;1907;m;7198;403;203;14;2;51;1;9;25;52;53;5;6;3;3;2;21;9;16;8
248;248;k00200002794;1905;m;5146;466;125;9;1;77;0;13;20;57;52;1;29;29;34;23;7;6;22;20
249;249;k00200000183;1915;f;11341;1150;345;15;3;221;3;34;32;101;197;69;105;47;25;15;40;9;10;17
250;250;k00100000127;1871;f;10409;822;287;10;1;148;0;38;21;90;59;30;59;38;24;25;31;9;27;25
251;251;k00100000133;1903;f;9960;879;259;20;3;122;6;6;14;103;140;43;83;31;10;24;31;4;77;7
252;252;k00200000418;1839;m;4367;330;119;7;0;57;1;20;17;29;36;5;15;10;16;10;19;11;12;3
253;253;k00200000430;1904;m;10315;596;209;31;2;93;1;14;41;87;46;40;35;24;10;11;16;7;22;13
254;254;k00200000342;1890;m;4294;285;88;9;1;46;1;8;34;42;16;8;5;7;4;3;20;4;16;6
255;255;k00200002597;1908;f;6169;485;162;12;1;91;2;9;37;65;43;44;15;38;6;14;16;2;7;11
256;256;k00200000343;1890;m;11615;772;250;31;5;152;13;6;64;105;68;45;16;16;21;22;32;4;20;12
257;257;k00100000132;1899;f;2972;256;78;8;0;45;2;1;9;35;38;6;17;12;8;12;15;1;14;1
258;258;k00100000126;1868;f;3614;290;64;3;0;54;0;13;11;42;16;27;31;13;5;7;6;4;15;8
259;259;k00200000182;1911;f;11173;1149;343;27;0;201;0;24;35;122;252;64;116;39;25;21;23;8;6;15
260;260;k00200001288;1919;m;13589;900;306;26;2;149;6;30;89;138;91;13;59;37;5;24;16;16;6;14
261;261;k00200002965;1868;m;6889;382;123;12;0;70;4;6;16;48;28;16;15;5;24;13;7;3;43;6
262;262;k00100000318;1867;m;12369;810;211;24;1;241;2;19;38;115;95;20;55;25;16;11;31;13;66;12
263;263;k00200002742;1890;m;8623;615;198;17;2;96;1;27;32;72;74;4;50;25;12;24;17;4;38;12
264;264;k00200001505;1854;m;10116;768;282;22;1;119;13;26;25;139;79;12;34;17;30;12;32;14;58;11
265;265;k00100000330;1912;f;2425;271;52;9;0;71;0;2;20;33;54;37;13;12;6;8;13;0;0;1
266;266;k00200001511;1920;f;9285;1172;455;18;1;214;0;43;29;133;112;54;113;66;32;6;21;26;41;6
267;267;k00100000324;1896;m;5633;432;128;18;0;143;2;5;55;79;35;4;17;8;8;9;23;1;2;2
268;268;k00200000169;1902;f;6959;508;173;19;1;91;1;11;12;94;76;6;42;24;6;19;28;4;7;6
269;269;k00100000442;1909;m;20453;951;233;44;1;171;11;38;114;124;77;29;50;32;40;20;32;19;64;12
270;270;k00200002187;1912;m;13647;918;292;28;2;185;0;65;29;109;68;31;37;57;25;31;66;7;42;21
271;271;k00200002805;1912;m;7866;879;240;21;0;179;0;14;79;116;86;33;60;40;18;24;39;3;34;10
272;272;k00200000974;1898;m;15172;1044;386;9;0;135;8;19;34;218;93;27;46;46;47;31;25;19;20;8
273;273;k00100000287;1786;m;2852;191;49;5;2;31;1;9;5;28;25;2;20;5;6;1;8;2;15;9
274;274;k00200000960;1915;m;6476;425;115;8;1;83;3;13;10;67;68;14;10;19;12;14;14;2;29;11
275;275;k00200002811;1910;m;9409;851;302;17;1;147;0;11;121;93;60;20;44;36;8;29;36;1;20;10
276;276;k00200000035;1869;m;6738;498;140;11;0;110;4;9;17;82;27;10;33;33;22;14;8;5;7;14
277;277;k00100000278;1891;m;4536;263;70;6;0;50;3;4;13;33;21;33;14;8;8;15;5;1;26;1
278;278;k00200000747;1838;m;10424;591;156;11;1;111;7;55;25;73;50;24;48;26;44;22;7;21;45;12
279;279;k00200000009;1854;m;28763;2534;644;98;8;562;7;50;249;346;265;81;91;123;69;82;108;7;66;42
280;280;k00200002178;1884;m;9141;721;249;20;1;156;0;10;81;66;103;26;10;20;7;9;30;3;15;31
281;281;k00100000244;1857;m;10931;1333;304;108;1;258;48;19;188;147;192;5;45;17;16;40;54;8;8;12
282;282;k00100000250;1885;f;11069;915;381;17;3;192;0;40;55;113;80;15;21;24;11;16;36;5;20;16
283;283;k00200002391;1913;m;7108;470;209;14;2;49;9;6;44;83;39;36;11;23;4;9;10;2;5;3
284;284;k00200000586;1899;m;18156;1621;594;46;1;353;1;17;70;192;157;50;69;124;20;27;110;3;13;46
285;285;k00100000085;1788;f;5140;371;89;13;0;26;5;3;3;61;56;69;65;7;5;4;10;3;0;6
286;286;k00100000091;1868;m;13489;1412;394;45;2;208;2;100;86;222;196;21;45;36;12;56;58;42;31;59
287;287;k00200001129;1910;m;8318;700;238;23;0;166;0;1;36;89;78;37;17;20;9;12;33;0;10;4
288;288;k00200002434;1908;f;9782;1103;346;13;1;171;0;17;43;126;194;9;82;63;28;11;34;9;97;18
289;289;k00100000046;1829;m;10177;539;115;4;0;116;1;29;8;77;74;68;38;24;24;22;15;18;13;25
290;290;k00200003070;1856;m;24154;1429;433;29;4;313;5;48;68;259;80;56;56;70;62;36;29;33;50;56
291;291;k00200001667;1860;m;11990;651;177;15;0;152;2;20;26;138;32;15;26;39;33;13;13;18;23;24
292;292;k00100000052;1914;f;8940;555;169;39;0;75;48;13;57;62;65;7;9;12;5;14;32;2;29;3
293;293;k00200002453;1888;m;6262;518;137;7;0;123;1;12;24;73;36;53;25;31;11;12;21;4;25;19
294;294;k00100000009;1885;m;11171;749;229;47;0;147;23;38;32;64;85;5;25;27;6;22;35;16;59;5
295;295;k00200002321;1902;m;13273;1204;450;14;3;178;2;40;49;153;112;122;67;62;51;14;44;26;34;17
296;296;k00200001628;1920;f;3302;329;111;6;0;40;1;1;18;23;35;25;41;9;9;14;15;1;4;4
297;297;k00200002447;1907;m;8123;543;122;35;2;144;9;19;15;79;68;18;16;23;7;8;24;8;29;7
298;298;k00200003017;1788;f;10085;789;245;25;2;108;5;22;11;135;92;33;96;40;53;27;13;13;27;10
299;299;k00100000021;1849;f;8560;674;177;12;3;120;6;20;29;105;43;19;38;41;32;27;13;6;60;37
300;300;k00200001172;1791;m;4746;468;182;15;0;46;4;3;6;51;43;28;64;8;11;17;2;3;28;11
301;301;k00200000287;1900;m;10693;970;337;10;0;165;0;18;43;138;129;41;70;43;23;21;48;5;22;34
302;302;k00200001199;1855;m;14012;1395;427;52;0;238;18;62;185;206;83;5;56;72;24;45;36;20;69;47
303;303;k00200001827;1845;m;8105;685;207;23;0;119;3;17;34;89;73;22;50;41;11;26;31;9;25;7
304;304;k00200000293;1920;m;8678;900;335;15;2;180;0;11;45;152;72;11;35;37;13;16;28;4;59;20
305;305;k00200001358;1911;m;19992;1295;612;26;2;179;0;7;41;221;173;26;26;21;41;37;48;3;41;1
306;306;k00200002889;1885;m;7191;465;147;9;0;102;3;13;27;71;27;10;33;19;20;22;10;8;17;17
307;307;k00200002645;1913;f;4202;251;79;5;0;44;0;7;19;31;32;3;27;18;12;9;7;2;11;1
308;308;k00200002123;1887;f;9213;978;229;27;0;254;0;9;110;157;130;13;32;39;8;19;30;4;28;25
309;309;k00100000237;1847;f;4079;401;99;6;3;47;0;11;10;40;41;91;35;19;4;2;5;2;29;6
310;310;k00200001370;1856;m;15515;1018;277;21;0;188;0;48;41;93;144;21;59;44;72;25;46;19;88;117
311;311;k00200001416;1885;m;17023;1638;377;25;1;264;5;21;166;278;148;102;47;73;56;26;57;13;95;100
312;312;k00100000223;1792;m;4592;217;43;4;0;54;1;14;8;32;19;11;17;15;8;10;5;2;9;1
313;313;k00200000907;1876;m;22530;1371;499;37;0;233;2;42;41;175;122;94;45;59;49;16;28;32;156;29
314;314;k00200002862;1912;f;9685;838;338;13;1;124;8;19;55;127;108;31;36;12;28;25;22;7;6;15
315;315;k00200002731;1878;m;7928;572;177;10;0;106;0;24;11;67;57;9;42;44;42;9;8;7;39;39
316;316;k00100000343;1902;m;6535;581;221;19;0;94;1;6;25;77;59;6;29;29;6;27;23;0;18;22
317;317;k00200001576;1897;m;9470;1040;272;17;0;180;0;21;65;123;119;104;65;29;11;23;21;10;104;30
318;318;k00100000425;1848;m;5099;417;116;6;0;88;4;6;21;41;46;40;22;26;11;13;8;3;14;22
319;319;k00100000357;1845;f;11164;970;327;15;1;131;1;66;37;108;91;71;70;38;27;55;7;49;30;28
320;320;k00100000380;1845;m;5051;415;173;15;1;50;0;13;21;46;44;21;2;10;22;9;9;7;22;7
321;321;k00200002902;1905;f;6147;474;218;10;0;64;2;3;35;71;37;5;11;20;2;14;12;0;11;15
322;322;k00100000394;1911;m;6093;272;72;15;0;29;10;5;10;60;32;0;2;6;7;8;36;0;0;2
323;323;k00200001748;1902;f;4928;430;160;10;1;84;2;2;31;57;51;14;8;16;3;13;14;1;5;9
324;324;k00200002241;1844;m;26718;2091;693;36;5;343;15;40;156;359;209;95;104;72;70;66;81;12;55;42
325;325;k00100000169;1787;m;10672;715;201;39;4;122;2;15;13;100;97;45;46;26;57;12;36;6;31;12
326;326;k00200003163;1885;m;14362;1361;365;57;4;311;2;76;84;128;125;81;34;69;34;28;64;18;70;29
327;327;k00200001760;1893;m;12583;919;219;36;1;216;20;12;70;162;111;5;8;43;16;21;51;5;25;20
328;328;k00200002282;1890;m;11652;875;367;18;1;185;2;27;16;75;83;8;21;28;44;12;32;17;43;20
329;329;k00200000481;1889;m;17260;949;275;22;1;178;24;98;44;148;123;25;41;16;56;51;16;57;30;14
330;330;k00100000182;1795;f;11539;818;316;5;0;102;4;21;6;140;64;63;96;22;42;19;33;6;1;18
331;331;k00100000196;1898;f;4811;463;151;12;0;68;2;14;32;34;39;10;30;30;5;11;16;6;43;9
332;332;k00100000197;1793;m;15473;1121;407;55;1;160;13;25;37;120;169;124;54;28;5;30;58;18;37;14
333;333;k00100000183;1796;f;5284;340;110;6;0;49;0;10;1;33;36;36;33;11;13;18;11;4;12;11
334;334;k00200000480;1880;m;12477;907;253;22;1;160;16;30;37;173;94;36;43;36;23;34;36;19;19;35
335;335;k00200001952;1896;m;7544;603;205;4;0;128;2;15;37;64;57;29;44;14;10;26;25;9;36;18
336;336;k00200002283;1890;m;21937;1610;562;38;10;240;9;46;58;239;149;37;43;79;59;31;29;24;113;94
337;337;k00200003162;1885;m;19107;1838;423;75;4;402;6;106;107;234;166;105;68;83;36;32;100;13;109;44
338;338;k00100000168;1915;m;10371;1020;564;14;1;143;0;11;13;109;114;41;83;15;23;44;15;4;29;6
339;339;k00200002532;1913;m;10381;1191;319;34;1;217;2;20;169;127;180;39;60;60;9;28;58;0;30;4
340;340;k00200001749;1903;f;4772;354;169;5;0;48;0;2;21;53;44;9;6;9;11;8;9;0;6;8
341;341;k00100000381;1846;m;6424;524;256;6;0;73;1;20;7;71;56;16;8;7;32;13;20;4;15;11
342;342;k00200002903;1916;f;8470;665;278;23;1;120;16;14;41;98;57;19;9;26;10;27;15;8;9;4
343;343;k00200002095;1880;m;9743;906;217;29;2;210;0;33;46;93;73;114;41;35;7;18;31;7;42;25
344;344;k00200000696;1891;m;8161;642;138;15;2;143;8;16;37;67;95;30;25;30;23;9;20;7;54;2
345;345;k00100000430;1784;m;3577;192;62;8;0;30;2;5;1;34;16;23;8;7;10;9;13;4;17;1
346;346;k00200000669;1817;m;7874;552;114;30;1;108;4;14;37;106;65;20;36;17;38;7;10;5;21;12
347;347;k00100000342;1901;m;2347;290;113;8;1;10;0;5;2;38;19;2;44;23;9;9;4;3;17;11
348;348;k00100000424;1846;m;5731;475;130;14;1;100;1;12;19;45;63;28;15;30;16;17;11;2;23;29
349;349;k00200000127;1899;m;4055;301;108;8;0;60;1;2;20;41;50;7;2;8;1;9;18;0;6;5
350;350;k00200002730;1883;m;13918;829;254;11;0;174;0;28;20;90;67;42;67;28;75;24;10;9;76;45
351;351;k00200000655;1919;m;2285;181;80;6;0;21;4;7;6;21;9;5;15;7;6;3;5;6;7;4
352;352;k00100000418;1828;m;4934;409;152;20;0;54;12;11;24;52;42;12;10;20;9;7;2;7;13;12
353;353;k00200000133;1893;m;2952;254;77;5;0;42;1;5;11;29;37;17;18;10;6;8;8;4;11;3
354;354;k00200002863;1904;f;9911;883;347;16;1;152;1;12;62;119;140;25;44;23;15;31;21;3;8;11
355;355;k00200000090;1828;m;14703;1182;357;71;3;236;12;38;125;157;115;9;40;32;30;23;31;23;8;66
356;356;k00200002693;1898;m;15459;1504;856;38;1;177;1;12;50;152;164;11;22;33;44;35;38;2;11;9
357;357;k00100000222;1792;m;2242;100;20;7;0;8;0;3;6;17;19;6;13;5;8;7;7;3;1;0
358;358;k00200001417;1885;m;19355;1925;479;31;2;355;5;48;185;275;205;59;67;77;63;22;79;38;123;118
359;359;k00100000236;1845;f;12829;1203;335;15;1;162;4;54;70;117;153;123;96;28;37;43;20;36;57;41
360;360;k00200000735;1881;m;12565;875;357;8;2;126;7;6;36;198;47;9;21;35;24;12;32;2;43;5
361;361;k00200000721;1900;m;12869;1005;390;12;3;148;7;21;61;191;83;15;23;18;8;19;67;4;53;2
362;362;k00200002888;1885;m;7195;496;147;8;1;107;1;17;28;80;45;2;38;17;30;11;10;11;24;20
363;363;k00200001198;1834;m;3913;169;34;0;0;20;2;26;11;17;20;3;13;12;8;1;9;20;11;21
364;364;k00100000020;1848;f;6282;479;114;5;1;86;0;11;16;47;47;24;59;42;15;10;6;5;32;34
365;365;k00200001173;1795;m;9807;874;315;41;0;144;7;15;12;146;89;17;45;17;32;35;29;11;28;17
366;366;k00200003016;1788;f;10890;806;214;30;0;130;5;15;3;128;92;36;121;29;65;21;15;14;47;18
367;367;k00200002446;1883;m;19464;1381;381;66;3;283;24;22;89;167;139;42;43;65;25;35;62;4;99;40
368;368;k00200002334;1913;m;11540;793;279;16;0;164;3;32;16;102;55;30;23;25;23;44;15;18;44;8
369;369;k00200000253;1882;m;11936;830;242;13;0;167;7;50;66;121;89;24;30;28;39;22;28;17;17;35
370;370;k00200002444;1884;m;13616;1103;310;60;0;218;17;16;50;118;110;73;49;42;20;32;29;10;72;28
371;371;k00200002322;1883;m;13685;1293;411;19;0;202;1;65;39;185;126;69;88;55;46;18;47;37;55;28
372;372;k00200002450;1895;m;6952;521;137;11;0;106;3;26;33;64;55;25;46;21;7;14;14;20;26;17
373;373;k00200001171;1791;m;6655;559;206;12;1;55;2;16;5;62;50;10;77;18;18;36;12;15;33;13
374;374;k00100000022;1843;m;6471;411;161;12;1;78;2;6;10;48;64;7;21;8;9;13;15;0;27;3
375;375;k00200000284;1913;m;14322;1747;599;18;1;282;1;18;52;237;259;21;149;129;33;46;55;3;37;87
376;376;k00200001818;1917;m;5746;374;123;22;0;47;0;6;9;42;45;29;24;2;16;5;5;0;45;4
377;377;k00200002120;1896;f;3413;306;91;0;1;65;0;8;25;40;30;5;13;10;11;18;4;1;8;29
378;378;k00200002646;1883;m;11787;833;243;21;0;156;14;38;57;135;89;17;34;31;33;23;39;13;13;17
379;379;k00200000045;1897;m;5907;598;167;19;0;120;1;14;19;93;70;23;41;34;6;25;21;1;3;12
380;380;k00200002652;1912;m;1691;126;46;0;1;20;0;5;10;10;14;5;1;2;4;8;7;5;2;3
381;381;k00200002134;1918;m;22224;1737;733;34;0;233;5;41;80;340;118;23;124;63;55;16;47;20;46;25
382;382;k00200000723;1886;m;9374;810;270;7;2;141;6;27;30;162;101;16;37;26;20;12;24;13;33;1
383;383;k00200001415;1885;m;21901;2165;610;23;1;343;14;42;170;331;191;57;103;70;104;17;71;27;149;159
384;384;k00100000220;1798;m;9942;971;318;15;0;124;6;23;16;115;104;50;92;41;37;64;24;19;39;37
385;385;k00200001373;1874;f;11790;922;373;11;3;186;4;37;65;111;80;41;21;36;10;36;25;19;8;22
386;386;k00200001401;1912;m;2652;181;53;1;0;31;0;2;4;58;9;22;13;12;3;3;5;0;11;3
387;387;k00100000234;1842;f;4221;466;150;8;1;44;0;17;14;41;62;66;57;13;7;17;5;14;13;12
388;388;k00200002849;1903;m;7161;606;237;23;0;122;0;6;25;108;56;2;19;16;13;29;25;4;8;15
389;389;k00200002861;1902;f;10504;899;368;21;0;148;8;29;64;109;112;19;37;16;18;34;18;4;11;17
390;390;k00200002875;1920;m;13289;704;249;26;0;112;15;9;20;91;65;42;42;22;15;13;26;7;40;3
391;391;k00100000368;1898;m;7951;754;203;33;1;183;2;24;58;88;64;55;29;28;15;8;34;8;34;15
392;392;k00200000643;1802;f;807;76;18;1;0;10;0;8;1;14;9;10;2;3;2;6;1;3;4;2
393;393;k00200002732;1880;m;11283;821;267;13;0;147;0;23;19;105;81;16;56;58;47;27;13;12;85;74
394;394;k00200002726;1911;m;10307;125;22;5;0;58;0;5;48;47;0;5;0;0;0;1;0;1;3;0
395;395;k00100000354;1917;m;4255;338;105;1;0;51;2;30;17;29;42;13;43;12;14;2;1;9;23;20
396;396;k00200001575;1911;m;11624;1000;365;20;1;144;6;14;81;103;95;15;61;36;14;18;25;3;123;7
397;397;k00200002097;1889;m;6204;548;165;21;2;136;0;24;19;68;59;26;17;22;7;8;22;2;22;11
398;398;k00100000397;1795;m;19485;1744;392;47;1;299;15;14;39;203;299;151;181;58;31;116;36;7;28;77
399;399;k00100000383;1865;m;36226;1571;672;72;1;241;2;43;59;272;157;58;2;28;108;32;54;31;95;1
400;400;k00200003160;1877;m;12455;1079;301;31;0;269;0;36;58;134;103;57;24;55;23;22;38;6;49;28
401;401;k00100000142;1846;m;18633;1334;471;48;1;264;14;26;54;251;120;23;36;35;54;24;51;7;29;57
402;402;k00200000482;1878;m;10786;866;246;15;0;132;12;35;23;129;120;29;53;38;29;28;41;20;26;40
403;403;k00200001944;1912;m;8184;575;156;29;0;92;2;22;33;81;74;11;11;12;35;9;22;11;62;13
404;404;k00200002295;1839;m;9197;490;198;6;0;83;1;10;5;79;52;32;31;13;50;10;13;7;24;13
405;405;k00100000195;1897;f;2368;213;52;3;1;27;0;9;30;30;42;5;10;8;7;4;7;5;13;2
406;406;k00100000181;1797;m;5666;428;102;17;3;62;15;9;12;50;52;39;48;15;15;17;10;2;6;1
407;407;k00100000180;1795;m;1540;133;26;5;1;16;5;2;1;14;21;5;21;4;5;10;1;0;4;3
408;408;k00100000194;1896;f;6356;627;224;12;0;96;2;11;57;48;43;37;39;21;8;6;28;2;38;14
409;409;k00200001951;1902;m;3616;306;89;9;0;67;1;7;9;49;39;10;9;3;12;13;3;1;16;12
410;410;k00200002280;1904;m;11606;1054;425;10;1;203;6;42;15;104;95;10;60;44;48;16;38;20;36;25
411;411;k00200001945;1919;m;12588;933;238;52;0;189;11;61;51;147;115;27;26;22;33;17;32;28;85;8
412;412;k00200000483;1881;m;22001;1538;493;20;0;227;13;71;48;268;164;61;112;73;64;46;75;54;49;75
413;413;k00100000143;1848;m;19681;1508;483;61;1;330;8;39;85;233;101;14;61;38;83;25;66;8;68;25
414;414;k00200003161;1877;m;15623;1441;382;51;4;324;1;56;66;178;140;117;47;67;23;29;58;14;69;18
415;415;k00200002519;1910;f;8380;778;247;12;2;201;0;9;61;82;88;28;29;52;25;22;22;5;12;23
416;416;k00100000157;1835;m;4449;351;73;6;0;70;0;2;3;62;39;35;26;20;15;14;9;0;22;4
417;417;k00200002243;1892;f;8204;567;122;11;0;112;4;14;21;81;63;81;53;27;15;12;19;4;30;20
418;418;k00200003149;1914;m;18317;1324;455;41;1;239;9;31;78;180;147;13;39;66;17;18;22;21;114;31
419;419;k00100000382;1857;m;29881;2326;1184;37;0;307;7;93;75;258;177;148;38;60;125;29;64;36;134;43
420;420;k00200000865;1867;m;25258;1538;549;49;1;234;12;81;55;297;100;50;56;65;127;31;47;28;87;33
421;421;k00200000695;1873;m;5067;433;132;9;1;79;3;13;21;50;53;19;20;15;16;9;16;2;37;3
422;422;k00200002096;1877;m;11272;959;266;38;1;235;0;32;42;123;89;59;20;44;19;15;35;10;51;28
423;423;k00200001574;1904;m;13034;1282;450;22;1;185;3;15;140;133;170;28;82;26;20;23;41;2;103;10
424;424;k00100000341;1897;m;6334;599;146;20;0;88;3;10;15;91;74;52;34;62;3;23;10;6;28;11
425;425;k00100000355;1918;m;4362;331;90;2;0;75;3;14;8;50;44;23;16;11;16;13;4;7;16;13
426;426;k00200000130;1896;m;2087;186;55;6;0;34;0;4;10;12;39;9;14;7;4;2;4;3;1;8
427;427;k00100000369;1827;m;33577;1988;684;88;1;375;28;67;114;289;207;117;50;60;88;62;33;52;59;36
428;428;k00200002860;1899;f;10471;876;327;13;1;159;2;36;55;105;104;28;33;32;25;25;16;10;17;19
429;429;k00200001399;1891;m;10199;661;162;22;0;149;3;21;16;108;60;28;26;43;32;23;24;4;64;8
430;430;k00200002848;1908;m;6380;526;181;7;0;108;0;17;15;104;62;2;19;10;20;21;34;8;2;20
431;431;k00100000235;1843;f;12555;1202;336;20;1;165;2;71;30;130;142;142;136;27;31;29;30;63;31;40
432;432;k00100000221;1791;m;10930;522;201;20;1;81;6;10;15;107;66;15;32;46;16;14;29;4;14;9
433;433;k00200001414;1891;m;26428;2284;836;66;0;359;28;65;146;407;166;13;52;80;98;12;108;53;110;100
434;434;k00200000044;1909;m;10253;1329;346;16;4;337;3;17;63;171;214;20;57;75;23;29;41;0;15;24
435;435;k00100000209;1854;m;31537;2323;1195;44;0;350;3;96;32;233;210;83;185;95;55;79;69;27;56;65
436;436;k00200000736;1894;m;23033;1625;533;35;6;230;16;29;104;368;68;11;43;30;49;25;37;14;228;1
437;437;k00200001428;1900;m;6115;709;200;17;2;125;1;13;13;45;96;90;51;75;18;17;23;9;3;5
438;438;k00200002647;1894;m;17391;1162;329;13;0;222;2;31;53;262;124;81;66;53;48;34;42;17;21;38
439;439;k00200003015;1788;f;9694;773;229;28;0;143;6;14;9;136;88;23;109;16;42;26;16;10;25;13
440;440;k00200001164;1915;m;1849;176;52;2;0;34;0;3;3;19;20;22;4;0;9;8;7;3;6;0
441;441;k00200001170;1795;m;7030;637;191;16;0;79;4;15;28;103;63;29;58;15;25;33;14;11;29;13
442;442;k00200001616;1901;m;10756;992;314;24;0;174;0;38;36;104;95;58;83;64;47;11;32;14;46;6
443;443;k00100000023;1843;m;3371;251;79;8;1;50;1;3;23;39;29;12;7;12;10;2;7;1;5;8
444;444;k00200002445;1894;m;9482;622;182;33;1;119;12;25;14;103;62;17;32;31;18;12;22;5;33;17
445;445;k00100000027;1853;m;8748;624;163;33;1;117;1;16;23;103;77;2;52;27;31;24;12;8;5;13
446;446;k00200002327;1909;m;10950;932;218;23;1;171;2;11;104;86;83;47;58;51;18;15;45;6;49;51
447;447;k00200000242;1905;f;10710;950;330;27;3;222;0;12;52;107;139;61;35;33;18;20;50;0;8;12
448;448;k00200002496;1893;m;12394;920;345;27;1;142;2;22;31;102;77;54;27;48;32;24;42;7;23;37
449;449;k00200001376;1870;f;15148;1108;493;12;1;196;3;40;48;159;106;26;47;33;10;32;19;17;32;34
450;450;k00200001410;1867;m;21451;2086;742;83;3;373;17;50;87;348;178;7;37;76;48;15;113;31;94;105
451;451;k00100000225;1855;m;7852;567;200;10;0;87;2;19;17;98;72;17;33;15;24;13;23;5;41;10
452;452;k00200001404;1916;m;21504;1694;676;47;4;241;4;10;64;336;177;41;63;80;46;31;94;7;14;48
453;453;k00100000219;1791;m;8142;553;245;15;0;69;6;15;5;61;44;4;54;12;19;16;33;15;25;12
454;454;k00200002125;1892;f;8726;656;242;26;3;84;2;6;61;109;87;9;19;29;14;23;24;3;11;31
455;455;k00200002131;1909;m;10968;717;321;10;2;96;1;18;20;113;43;9;43;28;24;16;8;5;27;27
456;456;k00200000040;1842;m;2950;197;52;6;0;45;0;10;11;18;29;7;11;17;4;5;5;5;5;12
457;457;k00200002657;1899;f;6607;494;158;9;1;83;0;5;6;69;68;36;12;15;11;12;15;3;41;16
458;458;k00200002858;1911;m;11141;818;266;35;1;150;16;50;43;110;140;10;43;43;32;11;31;16;19;26
459;459;k00200002694;1911;m;5241;478;275;6;0;48;1;6;19;60;57;1;9;5;9;7;6;0;2;1
460;460;k00200000083;1757;m;9605;1185;291;17;0;252;1;8;171;108;164;156;41;64;2;27;56;5;29;42
461;461;k00100000437;1772;m;12433;751;315;24;0;131;7;28;13;105;90;49;35;20;30;34;35;21;5;16
462;462;k00100000345;1855;m;19623;827;249;32;1;211;52;33;31;107;97;12;13;40;20;28;28;5;9;2
463;463;k00100000423;1919;m;33715;2417;753;64;1;526;14;39;41;286;299;142;96;106;49;81;70;18;127;43
464;464;k00200000108;1920;m;4732;318;93;6;0;61;0;5;17;45;26;24;40;8;9;9;10;1;11;3
465;465;k00200002737;1852;m;26458;2485;592;163;10;590;15;55;290;282;346;53;42;79;29;55;173;25;11;16
466;466;k00100000379;1843;m;4249;362;160;4;0;56;0;8;19;36;30;28;4;3;9;7;4;3;29;4
467;467;k00200002904;1901;m;11583;1068;302;15;3;178;3;46;80;124;80;51;71;27;73;29;24;33;102;22
468;468;k00200002092;1888;m;12609;1072;274;35;3;261;0;73;56;118;89;62;45;59;21;39;32;20;52;18
469;469;k00200002086;1918;m;5782;251;105;4;0;34;0;11;7;37;23;3;18;3;5;9;27;1;4;6
470;470;k00200000478;1892;m;26006;1815;485;19;0;335;10;47;75;355;178;80;123;89;120;69;80;30;68;64
471;471;k00200003171;1919;m;6745;472;200;18;0;81;0;9;12;33;30;23;47;15;43;4;18;3;7;7
472;472;k00200003165;1886;f;4052;387;112;14;1;95;1;4;24;53;76;0;3;19;7;17;8;1;6;7
473;473;k00100000147;1809;m;10707;792;309;20;1;134;2;40;9;83;120;27;72;23;18;12;20;18;39;42
474;474;k00200002253;1912;m;5188;41;9;1;0;4;0;3;9;8;14;1;1;0;0;0;4;0;0;0
475;475;k00200000336;1882;m;7052;373;133;7;3;59;8;12;31;70;22;22;5;10;10;4;6;5;18;4
476;476;k00200003159;1889;m;13515;1263;277;37;3;314;0;56;101;138;142;67;28;75;26;23;51;9;76;33
477;477;k00200002247;1901;m;3987;77;25;3;0;24;0;1;44;19;0;0;0;0;0;3;0;0;1;2
478;478;k00100000190;1838;m;29943;2152;805;76;1;390;10;58;92;375;207;48;127;110;54;35;58;20;90;24
479;479;k00100000184;1807;f;5882;430;160;6;0;47;2;16;6;58;40;26;24;25;28;11;9;7;45;10
480;480;k00200001969;1896;m;7694;607;224;18;1;107;5;32;10;97;47;18;43;20;11;14;11;6;36;8
481;481;k00200001941;1907;m;12112;951;337;18;0;199;1;24;24;145;98;37;26;37;35;18;29;14;43;25
482;482;k00200000487;1880;m;11813;844;227;17;0;140;12;35;45;150;98;34;56;41;30;22;35;27;30;24
483;483;k00200001955;1900;m;5551;421;126;9;0;75;1;8;18;71;37;21;26;17;12;29;14;2;22;21
484;484;k00200000486;1894;m;18482;1193;297;24;0;225;10;33;73;204;128;48;107;54;70;54;37;13;27;51
485;485;k00100000185;1822;f;11663;787;290;16;1;94;6;53;26;105;72;22;37;31;35;23;30;25;84;33
486;486;k00100000191;1779;m;3566;307;80;13;1;59;6;13;1;28;25;26;47;10;7;6;7;3;11;3
487;487;k00200001029;1905;m;3621;302;129;12;0;53;1;9;31;27;18;1;17;15;10;7;12;2;5;2
488;488;k00200000337;1890;m;8378;459;158;14;1;67;5;12;36;71;39;17;2;22;16;3;19;4;27;10
489;489;k00200002520;1825;m;6669;491;186;6;0;57;0;22;11;73;50;7;23;20;29;15;10;10;45;28
490;490;k00200003158;1881;m;16111;1471;386;61;3;334;7;43;77;155;163;99;41;102;25;29;51;4;79;35
491;491;k00100000146;1795;m;26438;2106;826;43;0;386;8;35;24;224;255;85;175;70;77;38;47;13;49;102
492;492;k00200003164;1884;f;4189;365;139;9;0;78;0;1;20;47;45;2;6;13;7;9;21;0;8;11
493;493;k00100000152;1843;m;17936;2021;528;146;2;535;6;60;207;175;234;23;59;43;26;58;78;22;10;6
494;494;k00200002508;1822;m;4873;394;150;7;1;83;2;12;8;36;31;27;12;12;18;11;1;1;24;17
495;495;k00200002087;1920;m;4903;205;77;2;0;28;0;11;5;26;21;3;12;6;3;7;33;1;3;6
496;496;k00200002939;1912;f;2651;222;43;4;0;38;4;1;21;25;25;34;11;5;5;11;8;1;11;4
497;497;k00200002093;1899;m;15577;1388;310;36;2;329;4;68;90;161;142;73;47;71;24;26;65;16;97;29
498;498;k00100000387;1887;m;9549;711;257;13;0;131;6;17;32;83;98;15;42;22;11;10;26;5;9;18
499;499;k00200002905;1914;m;7152;631;192;12;0;155;1;10;36;113;54;38;19;26;25;13;15;7;30;15
500;500;k00100000393;1906;m;10046;779;219;23;0;158;4;11;58;116;95;8;20;40;15;13;45;1;24;18
501;501;k00100000378;1841;m;4400;389;168;4;0;62;2;9;21;26;38;52;10;8;8;7;4;7;18;5
502;502;k00200002078;1835;m;8094;578;262;18;0;74;7;20;17;92;35;6;15;16;14;12;15;18;59;22
503;503;k00100000344;1913;m;5976;652;248;29;0;107;1;4;15;72;66;0;49;27;14;10;37;4;29;21
504;504;k00100000422;1915;m;21455;1429;425;42;1;265;7;39;28;178;151;73;64;59;36;53;40;18;104;39
505;505;k00100000436;1766;m;17489;1309;537;43;0;195;4;36;12;142;159;125;79;32;56;33;50;19;14;29
506;506;k00200000082;1920;m;6352;553;143;8;1;127;0;7;64;57;101;39;22;26;9;18;25;4;6;1
507;507;k00200002695;1901;m;18501;1717;945;36;0;211;10;6;91;225;211;15;21;40;21;25;48;0;2;8
508;508;k00200002859;1897;f;11334;1016;418;15;1;174;2;31;81;145;124;30;34;23;12;31;25;4;9;15
509;509;k00200000096;1915;f;4399;352;133;5;1;53;0;3;12;39;52;11;15;17;8;10;16;0;9;12
510;510;k00200000900;1864;f;18635;1299;332;25;0;245;7;15;35;202;164;109;77;72;52;30;45;8;33;42
511;511;k00200002865;1914;f;10030;816;320;30;1;161;3;16;52;144;113;23;25;16;12;19;14;2;7;11
512;512;k00200000041;1919;m;17083;1695;388;54;9;464;14;19;76;260;194;23;54;139;28;56;108;5;11;18
513;513;k00200000733;1897;m;10508;702;217;15;1;98;11;16;31;119;47;4;15;21;12;21;68;9;74;4
514;514;k00100000218;1804;m;4609;251;83;7;1;27;0;12;14;36;35;24;9;12;10;4;5;3;31;6
515;515;k00100000230;1833;m;22094;1866;741;48;2;277;5;52;42;291;133;148;99;43;81;51;44;8;59;48
516;516;k00100000224;1888;m;10063;651;194;10;0;102;1;28;38;94;77;15;30;37;21;28;19;25;113;14
517;517;k00200001411;1879;m;24611;2055;537;43;2;404;13;72;181;273;120;64;50;59;128;24;90;59;152;173
518;518;k00200002454;1897;m;12565;883;186;11;0;227;3;49;44;132;87;44;34;45;28;27;45;34;34;30
519;519;k00200002468;1914;m;7490;466;174;5;1;62;0;8;11;58;50;23;41;17;24;16;15;2;23;20
520;520;k00200001161;1891;m;7221;539;235;16;0;108;5;18;13;68;41;40;13;21;37;10;6;12;13;6
521;521;k00200000519;1920;m;7086;425;148;10;0;93;0;11;10;46;29;1;14;17;23;7;20;2;29;28
522;522;k00100000026;1853;m;4995;290;91;9;0;56;3;8;12;71;21;2;19;21;3;10;13;3;0;4
523;523;k00100000030;1890;m;6055;525;59;20;0;100;0;47;6;35;86;69;39;12;7;24;53;14;6;8
524;524;k00200001163;1917;m;1741;77;35;5;0;6;1;0;3;5;2;12;0;1;3;2;1;0;3;2
525;525;k00100000024;1846;m;5828;411;124;19;2;85;6;9;15;50;26;7;19;19;14;12;13;3;2;28
526;526;k00200002318;1917;m;4430;437;113;3;0;62;1;4;20;75;35;98;46;39;10;19;9;1;7;6
527;527;k00200000527;1905;m;11669;910;281;38;3;155;5;25;54;124;109;9;36;34;20;28;19;9;64;26
528;528;k00200002330;1905;m;6597;363;135;5;0;41;1;13;0;48;25;17;19;7;24;14;8;11;41;9
529;529;k00200000533;1789;m;8446;807;357;10;0;87;1;4;15;131;117;28;29;14;18;10;24;1;48;23
530;530;k00100000018;1854;m;11817;1020;414;23;0;138;8;33;74;97;88;34;56;21;39;35;26;4;44;15
531;531;k00200001361;1911;m;2413;212;81;4;0;36;0;0;18;35;36;0;2;2;2;9;9;0;1;16
532;532;k00200001407;1889;m;7472;579;191;20;0;82;5;12;49;110;47;14;20;27;25;8;28;8;18;23
533;533;k00200001413;1890;m;25938;2507;865;77;6;438;5;60;152;408;247;18;42;94;72;19;148;42;130;100
534;534;k00100000226;1854;m;23556;1645;529;75;0;349;39;47;113;220;162;27;38;50;47;33;73;15;63;88
535;535;k00200001375;1869;f;14014;1076;411;16;0;210;2;32;52;128;105;38;48;38;21;58;23;8;17;20
536;536;k00200000043;1910;m;9985;1050;244;54;0;275;6;6;61;146;134;16;18;60;7;29;75;1;7;26
537;537;k00200002132;1905;m;9477;635;330;13;5;67;1;15;15;75;42;3;36;9;25;13;12;8;29;18
538;538;k00200000725;1892;m;7373;570;181;10;0;80;1;23;24;97;41;21;31;21;13;8;13;11;39;3
539;539;k00200000731;1883;m;7655;450;154;2;5;85;3;12;18;71;75;8;10;5;10;11;21;5;20;2
540;540;k00200002898;1915;m;9672;662;231;26;3;103;2;7;32;78;78;26;28;28;31;11;32;4;17;5
541;541;k00200002867;1910;f;7266;689;205;16;0;102;5;10;73;127;105;24;27;16;12;14;26;1;9;21
542;542;k00200000080;1896;m;8811;726;203;16;0;162;2;26;37;100;108;13;56;27;48;23;15;8;17;9
543;543;k00200000094;1916;f;7299;660;205;11;0;102;0;8;41;78;55;67;55;48;11;25;12;3;3;25
544;544;k00100000420;1897;m;11060;962;381;19;1;132;2;20;19;94;91;43;57;20;22;35;18;15;81;13
545;545;k00100000346;1788;m;5063;381;147;5;0;84;1;13;10;44;25;4;15;15;19;11;14;4;8;15
546;546;k00200001573;1903;m;8245;761;246;12;0;90;0;11;75;77;77;20;65;27;26;12;18;2;125;5
547;547;k00100000352;1901;m;6503;810;275;15;0;132;0;11;18;95;123;46;86;21;13;10;15;2;27;17
548;548;k00200002708;1900;m;3913;303;110;6;0;39;0;2;29;33;22;10;9;19;8;11;15;1;15;4
549;549;k00200000889;1851;m;10049;716;313;17;0;90;2;18;43;86;72;13;34;22;12;15;33;7;32;48
550;550;k00100000408;1806;f;5717;340;70;14;1;45;0;52;6;39;34;37;38;33;9;4;5;17;13;14
551;551;k00200000123;1906;m;26749;2440;663;56;3;420;11;43;143;256;310;137;278;108;60;78;141;14;58;51
552;552;k00100000385;1888;m;2133;198;98;8;1;17;2;3;8;36;18;1;3;6;5;2;6;1;9;3
553;553;k00200000862;1918;m;10945;670;211;36;3;72;3;23;40;119;58;14;23;35;15;32;67;2;36;5
554;554;k00200002085;1918;m;5730;252;99;6;0;39;1;16;9;31;20;0;10;0;4;7;32;1;3;11
555;555;k00200002091;1900;m;11651;1117;288;39;0;230;2;50;64;132;123;131;45;71;10;22;41;9;39;12
556;556;k00200002278;1899;m;11804;708;295;8;1;85;4;35;42;76;54;10;33;28;41;12;10;17;56;24
557;557;k00200001017;1892;m;3469;293;119;0;0;44;1;4;9;33;41;13;14;8;18;7;9;0;18;6
558;558;k00200000335;1885;m;11485;473;214;16;3;18;8;35;11;73;53;18;6;7;34;5;11;25;25;2
559;559;k00100000193;1880;m;7677;614;166;11;1;108;1;12;20;66;56;72;82;40;9;24;20;3;23;6
560;560;k00200003199;1899;m;7035;446;112;16;3;99;0;35;35;52;40;8;10;23;26;8;19;16;7;22
561;561;k00200000490;1877;m;22971;1427;381;22;0;251;9;56;47;242;146;89;84;65;67;48;67;47;59;50
562;562;k00200001942;1919;m;11397;899;232;60;3;170;13;30;58;128;92;18;25;20;46;23;31;10;75;6
563;563;k00200000484;1893;m;14061;961;303;5;2;186;2;29;32;249;118;33;58;58;35;42;43;13;11;19
564;564;k00200000485;1887;m;26134;1792;536;41;1;275;19;50;56;309;169;93;133;96;68;63;56;27;77;76
565;565;k00200001943;1913;m;8335;674;222;34;0;96;17;38;25;98;78;15;13;13;27;16;25;20;60;16
566;566;k00200000491;1903;f;8012;575;181;19;0;109;3;11;31;62;68;28;27;31;5;17;27;6;26;19
567;567;k00100000192;1781;m;2892;262;66;3;0;77;0;10;7;22;22;30;31;10;5;9;4;1;5;2
568;568;k00200001758;1889;m;10165;727;179;34;3;134;9;14;64;104;108;8;15;36;10;19;41;3;28;17
569;569;k00100000179;1795;m;868;62;19;0;0;11;3;1;0;14;8;4;8;3;0;2;0;0;0;2
570;570;k00200002523;1846;m;5529;417;141;7;0;119;1;13;11;74;43;14;10;14;12;9;16;2;8;20
571;571;k00100000151;1841;m;18228;1740;484;147;3;406;4;57;151;153;220;10;31;41;11;65;102;26;11;5
572;572;k00100000145;1774;m;5220;481;182;17;2;86;4;2;2;61;40;30;56;11;8;16;7;1;9;10
573;573;k00200002279;1906;m;10293;850;337;10;1;160;7;39;10;102;76;11;36;33;45;17;22;23;49;15
574;574;k00200000693;1920;m;13599;1166;306;34;5;248;5;37;69;141;145;80;44;58;33;24;40;10;71;8
575;575;k00100000390;1902;f;10044;814;183;18;2;186;1;8;41;111;81;61;75;49;24;14;32;5;35;21
576;576;k00200000877;1913;f;13013;1320;611;35;3;244;3;13;59;167;145;39;50;42;12;38;47;1;15;11
577;577;k00100000409;1832;m;5691;408;155;9;1;36;0;11;8;60;27;37;28;15;18;8;4;5;28;26
578;578;k00100000353;1907;m;15239;1608;447;19;1;334;2;35;48;185;273;66;186;52;22;34;15;11;59;67
579;579;k00200002709;1900;m;4785;411;130;11;0;56;1;5;52;60;40;17;17;13;9;9;9;1;32;8
580;580;k00100000435;1764;m;14787;1407;592;81;0;268;10;21;23;161;164;111;21;43;17;30;52;8;23;40
581;581;k00100000421;1907;m;17988;1342;445;21;0;249;1;39;48;144;165;44;48;60;33;42;38;20;84;43
582;582;k00100000347;1787;m;6560;455;144;10;0;74;0;14;2;47;36;38;62;21;4;13;0;8;12;29
583;583;k00200000730;1904;m;20304;1602;601;25;1;248;8;14;86;267;139;27;67;74;37;25;64;4;76;4
584;584;k00200000042;1916;m;11173;1097;243;45;1;277;3;23;76;143;116;29;60;75;38;34;52;11;15;36
585;585;k00100000227;1771;f;11686;1043;449;16;1;167;2;8;10;122;136;120;72;6;14;13;29;1;10;29
586;586;k00200001412;1889;m;18920;1590;617;67;3;286;0;35;85;248;132;15;34;57;46;21;79;21;58;59
587;587;k00200001374;1888;f;11769;1060;376;13;0;204;0;38;50;99;99;72;43;45;11;32;25;10;46;24
588;588;k00200000297;1873;m;10025;682;175;22;0;120;3;46;23;90;71;25;57;39;19;13;18;30;40;17
589;589;k00100000019;1847;f;2666;200;82;2;0;22;0;6;3;34;11;24;14;12;7;4;5;3;6;7
590;590;k00200000532;1882;f;8376;664;304;12;3;39;1;16;30;105;113;43;10;22;30;17;26;0;15;11
591;591;k00200003007;1895;m;15002;1435;363;19;0;308;1;71;76;142;142;54;74;59;44;47;54;37;58;54
592;592;k00100000025;1849;m;6221;411;93;18;6;104;6;8;18;64;43;8;20;16;14;15;23;3;6;11
593;593;k00100000031;1918;m;6289;428;159;13;2;87;1;3;53;36;16;14;16;32;3;3;27;1;5;12
594;594;k00200002314;1916;m;10369;871;211;17;4;128;2;10;23;158;72;133;66;61;38;22;31;2;19;10
595;595;k00100000028;1854;m;7113;502;157;35;1;103;3;10;18;105;46;8;20;16;22;17;17;3;4;5
596;596;k00100000014;1844;f;11274;915;216;45;0;153;7;15;45;88;122;130;64;61;19;35;19;13;8;7
597;597;k00200001621;1902;m;7335;635;198;6;0;125;0;29;43;74;82;11;39;31;25;15;25;9;27;10
598;598;k00200002328;1883;m;12594;993;312;14;1;125;5;49;22;119;67;80;97;37;28;39;18;26;33;48
599;599;k00200003022;1918;m;8593;678;245;17;1;80;1;25;87;68;49;14;56;38;36;3;36;2;2;51
600;600;k00200001153;1900;m;10729;919;309;19;1;220;3;27;30;91;84;28;56;46;10;17;47;3;32;41
601;601;k00200000715;1918;m;12122;1047;382;7;0;130;6;74;31;114;182;5;54;40;39;25;58;66;64;33
602;602;k00200001423;1873;m;30244;1920;733;53;2;275;2;37;20;304;137;47;54;91;64;74;36;20;291;60
603;603;k00100000216;1918;m;4498;294;129;11;0;27;3;10;10;38;22;17;6;8;12;9;7;9;12;0
604;604;k00200002894;1887;m;14020;1133;266;36;1;150;12;73;90;120;76;32;71;25;23;40;21;69;193;54
605;605;k00200002658;1905;f;5951;380;135;17;1;46;0;4;5;31;50;29;15;23;13;20;15;3;22;7
606;606;k00200001351;1912;m;11383;1260;629;19;1;150;3;9;46;79;250;96;46;21;10;20;29;2;30;13
607;607;k00100000202;1801;m;2741;142;72;10;0;21;1;1;7;19;18;3;1;2;2;1;9;0;3;1
608;608;k00200002857;1901;m;11038;1155;448;22;1;201;5;14;55;91;138;59;73;43;11;20;17;5;94;27
609;609;k00200000098;1912;f;6393;556;219;16;2;95;0;5;36;72;68;14;11;19;14;17;29;0;14;21
610;610;k00200002062;1869;m;7716;650;204;15;0;98;2;2;20;120;76;6;23;46;9;23;36;0;36;2
611;611;k00200002704;1899;m;5429;423;144;6;1;53;0;3;56;40;33;30;21;16;9;13;10;0;14;14
612;612;k00100000438;1774;m;11863;942;389;31;1;186;5;40;20;175;126;23;22;58;21;13;37;21;0;19
613;613;k00200001219;1904;m;24419;1809;656;38;0;347;9;20;124;229;130;40;61;75;69;16;79;8;110;79
614;614;k00200002710;1900;m;5036;387;125;6;0;49;1;4;54;44;42;34;13;20;11;10;10;0;14;8
615;615;k00200003340;1889;m;11085;815;266;13;0;168;1;35;30;99;85;61;45;24;31;32;35;21;33;27
616;616;k00200002738;1876;m;20818;1365;487;19;0;220;6;53;58;211;93;77;86;31;74;47;50;32;92;52
617;617;k00200001543;1913;f;6641;625;220;12;0;121;0;9;19;96;76;39;4;32;10;26;22;1;6;5
618;618;k00200000885;1868;m;16950;1577;512;38;0;308;1;30;129;166;142;38;50;102;30;38;55;17;77;78
619;619;k00100000389;1889;f;14914;1066;259;21;2;224;4;39;44;179;135;79;73;42;42;36;45;19;23;22
620;620;k00100000148;1821;m;19631;1491;567;40;1;303;7;47;16;166;216;44;119;41;82;15;32;13;71;100
621;621;k00200001755;1882;m;10281;705;196;23;1;134;7;14;49;117;57;31;21;29;11;21;10;7;67;10
622;622;k00100000160;1854;m;46562;4354;1427;99;3;735;11;74;304;466;453;118;148;181;76;111;151;23;357;233
623;623;k00200003156;1909;m;10071;638;225;23;2;128;5;11;54;101;39;2;3;28;3;13;6;10;47;6
624;624;k00100000174;1760;m;22373;1574;452;80;1;347;6;62;24;251;229;100;30;127;36;42;44;30;17;56
625;625;k00200000339;1876;m;5671;309;100;11;1;46;7;6;52;45;22;6;3;6;12;4;9;1;12;2
626;626;k00200001972;1870;m;14155;1146;408;55;1;193;18;23;16;146;120;41;53;42;36;22;25;8;100;9
627;627;k00200000488;1880;m;11793;858;230;16;0;142;10;39;46;153;101;34;58;41;30;23;35;31;30;23
628;628;k00200000489;1885;m;13040;911;263;20;2;143;7;35;40;161;99;42;64;50;25;21;32;15;31;28
629;629;k00100000175;1778;m;39772;3598;1337;182;3;744;47;35;82;510;450;233;64;145;23;87;113;12;34;121
630;630;k00200003157;1893;m;6555;537;189;12;0;131;12;15;11;83;82;15;9;12;16;10;6;12;5;7
631;631;k00200000338;1876;m;8412;625;227;18;1;80;3;16;51;88;45;21;11;26;34;13;19;7;30;14
632;632;k00200001032;1880;m;7360;489;181;27;1;70;9;16;34;72;58;9;24;10;4;6;17;4;22;2
633;633;k00100000161;1840;f;9977;922;261;21;1;157;3;19;39;88;104;121;48;53;35;23;38;0;27;9
634;634;k00200001581;1905;m;10181;694;211;17;1;118;1;17;15;86;69;29;69;27;13;25;17;4;67;14
635;635;k00100000388;1917;m;5458;516;187;21;3;109;2;3;24;45;99;15;19;16;10;6;23;1;10;5
636;636;k00100000377;1841;m;8893;712;299;20;1;101;2;30;21;83;72;53;1;6;28;14;24;14;19;16
637;637;k00200000890;1851;m;9339;788;301;31;0;109;3;12;43;73;85;35;40;21;14;16;14;5;60;43
638;638;k00200003341;1915;f;8175;787;273;18;1;148;0;8;31;91;103;55;41;28;10;20;17;1;36;17
639;639;k00200002739;1906;m;11756;866;276;17;1;188;3;25;41;133;91;56;27;32;26;31;47;9;24;14
640;640;k00200002711;1901;m;4272;300;95;11;0;38;1;1;34;41;40;17;15;15;5;7;10;0;10;5
641;641;k00100000439;1788;m;12179;798;326;10;0;139;1;28;20;136;108;26;63;28;19;12;39;9;12;19
642;642;k00200002705;1900;m;5217;457;139;8;0;65;1;2;47;39;46;37;36;16;13;11;13;1;20;15
643;643;k00200002856;1910;f;4471;396;134;2;0;105;0;2;24;59;41;11;7;4;9;16;12;1;24;16
644;644;k00200002659;1870;f;6708;377;118;6;0;61;0;4;7;31;42;37;14;15;9;23;10;2;44;9
645;645;k00100000203;1804;m;17749;1392;598;66;0;209;7;17;38;219;155;95;19;46;18;32;63;8;53;26
646;646;k00200000728;1899;m;11930;976;330;8;3;159;14;19;36;173;49;12;38;36;28;21;31;10;91;0
647;647;k00200001422;1874;m;13049;792;250;20;0;86;3;20;11;130;54;35;24;40;44;35;15;9;185;30
648;648;k00200002671;1909;m;14976;1117;458;52;6;41;11;31;15;123;140;25;86;64;19;20;30;1;63;12
649;649;k00200001185;1890;f;12662;1158;609;33;1;157;9;9;74;118;95;7;34;29;5;22;40;1;28;5
650;650;k00100000001;1799;f;5419;453;120;9;0;56;1;10;3;33;51;76;56;4;7;32;10;10;26;13
651;651;k00100000015;1810;m;20750;1719;479;29;1;262;11;47;97;191;195;113;136;68;69;81;44;19;63;55
652;652;k00200002467;1920;m;7336;460;163;4;0;75;0;24;14;74;46;38;39;11;20;6;6;3;19;22
653;653;k00100000029;1856;m;8249;629;168;39;1;175;1;11;40;87;72;9;19;22;11;18;22;0;3;4
654;654;k00200002315;1887;m;12820;974;351;19;1;140;14;41;29;159;109;41;54;33;38;16;18;24;51;4
655;655;k00200001178;1856;m;17733;863;302;39;2;125;6;20;28;173;107;26;60;67;33;27;58;12;18;17
656;656;k00200002471;1900;m;10705;715;211;12;2;151;0;19;48;85;70;50;28;40;13;28;27;8;11;10
657;657;k00200002459;1892;m;4698;362;108;4;0;86;0;12;11;38;49;13;17;14;13;14;9;6;17;15
658;658;k00100000003;1846;m;14733;1385;449;40;1;270;5;29;112;225;207;18;28;42;19;27;51;0;31;12
659;659;k00200000528;1898;m;6850;517;153;9;0;70;3;7;18;83;59;7;27;23;13;16;9;4;61;23
660;660;k00100000017;1817;m;13535;1166;389;18;0;150;7;42;98;141;106;29;83;36;61;42;48;9;71;18
661;661;k00200001622;1908;m;6522;525;189;21;0;65;2;9;38;92;51;15;27;41;15;9;6;4;6;4
662;662;k00200002101;1829;m;15337;948;357;46;0;142;6;31;35;120;81;74;35;44;27;32;17;22;28;33
663;663;k00100000229;1798;f;12491;1079;388;12;3;126;0;8;6;115;165;82;66;9;12;20;13;6;81;93
664;664;k00100000201;1800;m;28755;2178;917;80;0;255;14;19;58;302;188;227;74;50;31;46;77;11;194;27
665;665;k00100000215;1914;m;6495;643;171;8;1;98;2;10;73;92;94;43;41;28;3;11;13;0;4;20
666;666;k00100000349;1799;m;3167;332;62;11;0;55;0;6;4;19;47;50;43;16;10;13;11;2;9;6
667;667;k00200002713;1901;m;4396;294;100;6;0;34;0;4;35;33;34;19;11;14;6;2;8;1;24;7
668;668;k00200002707;1900;m;5715;407;102;10;1;68;2;1;67;45;46;29;12;22;6;5;24;0;25;3
669;669;k00100000407;1804;f;5625;416;96;6;0;85;5;15;9;66;43;28;37;16;17;10;8;10;8;34
670;670;k00100000361;1829;f;10320;845;308;8;1;136;0;19;14;84;64;49;132;29;30;17;29;7;28;39
671;671;k00200002908;1799;m;2507;136;54;4;0;21;0;3;0;19;23;6;0;13;1;11;7;2;1;1
672;672;k00200002511;1818;m;2138;165;42;5;1;49;0;2;1;25;22;10;1;4;6;6;2;1;3;3
673;673;k00200002263;1912;m;4830;401;116;5;2;44;2;10;21;56;68;13;17;32;10;7;17;7;23;16
674;674;k00200003155;1901;m;11947;836;259;54;2;174;15;12;76;128;73;9;1;40;4;11;22;10;53;5
675;675;k00100000177;1819;m;16982;1207;229;48;0;256;14;82;82;131;123;59;91;81;76;25;15;42;84;59
676;676;k00100000163;1860;f;27276;1925;463;33;0;390;5;32;38;318;186;203;104;133;80;64;85;21;41;44
677;677;k00200001965;1883;f;5550;491;132;6;1;91;1;19;35;49;43;56;39;27;11;26;4;12;6;10
678;678;k00200003196;1907;m;6784;94;37;3;0;32;0;2;46;28;0;3;0;3;0;1;0;1;1;0
679;679;k00100000189;1836;m;25422;1780;538;51;0;374;3;73;100;292;153;80;136;55;50;43;29;39;88;62
680;680;k00100000162;1846;f;13633;1173;281;23;0;201;0;43;40;105;95;166;106;75;40;49;53;8;14;20
681;681;k00100000176;1815;m;13652;965;286;26;1;150;1;85;22;93;80;31;85;33;80;7;14;55;75;57
682;682;k00200000878;1913;f;15304;1482;661;32;2;281;5;6;61;195;169;37;79;33;12;35;74;1;14;7
683;683;k00200002909;1910;m;6799;791;324;13;0;117;2;14;19;90;54;41;77;48;3;11;16;3;17;3
684;684;k00100000406;1784;f;12400;954;287;30;0;128;11;28;37;123;109;54;65;49;14;29;16;16;24;66
685;685;k00100000360;1837;f;13152;990;296;34;1;188;2;47;50;142;117;29;64;36;40;39;8;16;53;26
686;686;k00200003342;1915;f;8394;741;253;13;0;158;0;15;22;72;70;72;38;19;17;26;20;4;31;19
687;687;k00100000374;1881;f;4654;399;178;11;1;87;0;2;31;55;38;1;5;14;3;15;10;1;18;8
688;688;k00200002706;1900;m;6213;471;138;7;0;66;0;2;63;56;51;42;14;26;3;10;18;1;19;10
689;689;k00100000348;1801;f;7544;643;228;13;1;96;0;23;9;115;63;59;45;29;15;25;19;9;17;17
690;690;k00200002074;1914;m;8130;576;188;8;0;123;1;15;24;63;74;24;34;25;10;18;39;2;38;11
691;691;k00200002712;1900;m;4572;376;148;7;0;46;2;1;47;40;41;12;11;13;19;11;6;1;17;2
692;692;k00200002855;1914;f;7097;693;193;16;1;215;0;5;33;91;83;37;11;10;15;27;10;1;49;20
693;693;k00200000930;1850;m;6759;443;171;10;0;88;6;1;9;84;20;19;17;19;13;12;21;0;25;15
694;694;k00200002841;1854;m;3548;297;104;6;0;54;1;16;10;29;27;6;9;12;5;11;14;4;18;11
695;695;k00200002896;1904;m;12323;842;363;23;2;149;3;32;8;128;68;10;60;23;21;16;49;16;25;20
696;696;k00100000214;1911;m;6229;631;178;16;0;94;0;8;86;73;67;45;43;29;1;9;14;1;6;29
697;697;k00200001421;1875;m;22914;1323;453;27;0;187;4;23;9;202;123;47;57;94;82;47;18;15;240;33
698;698;k00100000200;1796;m;18436;1152;478;65;1;153;13;27;39;132;173;70;20;30;11;40;73;15;63;24
699;699;k00100000228;1779;f;26615;2446;1070;56;3;318;15;10;10;300;269;216;147;10;27;32;58;1;119;125
700;700;k00200000703;1872;m;16106;1172;419;21;1;155;3;58;77;199;149;14;31;31;69;19;27;55;37;2
701;701;k00200002100;1841;m;26185;1681;474;89;3;410;21;60;126;228;143;65;34;94;22;65;60;16;15;57
702;702;k00200001623;1918;m;14343;1473;408;30;0;290;6;10;112;185;250;69;59;75;13;18;62;3;6;7
703;703;k00100000016;1812;m;5281;452;174;5;0;82;1;10;17;48;24;22;35;14;22;29;23;2;22;10
704;704;k00200002458;1892;m;4813;497;138;7;1;124;1;22;12;55;49;31;29;23;13;12;11;16;28;12
705;705;k00200000529;1920;m;14393;715;150;13;0;141;3;52;62;101;40;11;36;37;30;34;38;31;29;20
706;706;k00100000002;1819;f;6524;387;116;4;0;53;2;26;11;49;26;32;46;5;22;10;5;24;38;25
707;707;k00200002316;1896;m;8753;961;268;13;1;152;4;20;27;138;91;138;85;47;29;23;10;12;39;8
708;708;k00200002470;1912;m;10453;793;197;21;1;171;2;12;32;104;89;71;52;80;14;13;45;6;3;8
709;709;k00200001179;1783;m;13351;815;195;24;5;165;0;28;29;131;105;32;39;39;22;36;39;6;15;30
710;710;k00200002464;1885;f;26740;1599;723;42;2;220;11;38;43;228;185;44;61;51;60;27;60;18;28;30
711;711;k00200002448;1899;m;6947;434;119;10;5;32;1;17;16;64;51;51;34;32;3;7;35;10;18;21
712;712;k00100000012;1835;f;22281;1865;568;72;1;293;15;33;53;231;264;117;157;129;86;66;31;23;22;12
713;713;k00200002306;1910;f;5284;421;130;17;1;99;3;9;47;51;49;14;7;17;5;8;18;8;3;7
714;714;k00200001169;1900;f;10506;1055;347;15;2;161;3;26;66;132;224;8;48;50;19;22;37;4;18;23
715;715;k00200002312;1887;m;8009;761;189;26;0;142;0;22;31;107;116;72;49;55;18;8;15;17;23;15
716;716;k00200001431;1905;m;9626;1000;291;34;6;178;2;19;15;110;103;171;67;64;21;24;31;9;5;9
717;717;k00100000204;1809;m;2005;130;58;8;0;31;3;5;1;17;20;2;5;2;3;3;5;2;5;3
718;718;k00200001425;1895;m;13162;921;207;32;0;133;25;55;27;158;60;58;34;62;43;50;20;49;110;17
719;719;k00100000210;1879;m;30939;2234;1100;44;1;336;5;111;42;238;208;59;136;91;67;68;69;26;85;74
720;720;k00200002892;1878;m;5563;349;87;6;0;69;0;9;30;40;22;7;23;23;18;13;21;4;12;7
721;721;k00100000238;1864;f;56067;5161;1513;68;5;849;4;264;323;571;665;290;453;171;169;205;129;119;170;170
722;722;k00200001419;1885;m;19034;1786;463;39;4;322;4;26;158;273;206;40;46;55;62;23;73;23;97;126
723;723;k00200002845;1888;m;16254;1395;488;50;2;212;13;73;71;159;145;79;80;56;35;26;74;23;17;7
724;724;k00200000920;1916;f;4529;430;190;10;0;58;1;2;8;76;64;10;6;18;6;10;18;0;2;3
725;725;k00200002851;1906;m;4749;365;138;6;0;80;0;21;14;47;23;7;27;9;12;13;15;11;7;21
726;726;k00200002689;1893;m;18299;1051;211;40;3;221;3;40;64;152;121;26;37;77;65;30;44;18;93;13
727;727;k00100000416;1810;m;7382;393;147;16;0;49;2;26;12;45;41;6;21;14;20;10;7;19;40;8
728;728;k00100000370;1898;m;5585;336;91;13;0;68;3;16;44;38;23;7;3;24;8;4;15;7;17;19
729;729;k00200001545;1886;f;9893;798;270;20;0;136;7;12;41;106;85;47;23;35;12;33;20;3;72;21
730;730;k00100000364;1861;m;22514;2122;652;71;2;421;1;60;58;247;203;201;109;59;47;76;36;24;85;70
731;731;k00200000101;1912;f;5793;590;222;15;5;96;0;14;15;52;101;12;29;16;5;16;30;5;14;14
732;732;k00100000358;1819;f;18842;1791;495;32;1;286;2;142;29;183;178;106;173;55;80;70;27;81;138;73
733;733;k00200001586;1788;f;12386;1035;295;32;0;167;5;27;16;124;165;43;105;37;67;35;24;16;53;13
734;734;k00200001747;1909;f;7303;717;272;8;0;86;3;9;79;82;73;50;31;26;10;16;22;8;9;12
735;735;k00100000172;1903;f;5471;401;157;10;2;43;1;6;11;80;48;13;46;21;12;11;12;6;14;1
736;736;k00100000166;1826;m;16193;1298;548;38;1;240;17;48;42;175;123;37;45;36;27;35;24;11;54;39
737;737;k00200003144;1864;m;12168;786;261;25;2;176;16;25;33;148;70;14;26;29;19;31;26;18;23;14
738;738;k00200001009;1907;m;8291;595;224;6;1;85;4;14;9;92;67;20;41;20;37;13;32;5;42;10
739;739;k00200000471;1912;f;8984;676;212;15;0;125;0;19;17;76;58;52;36;23;10;32;23;9;38;22
740;740;k00200001974;1860;m;3312;222;64;18;1;51;3;9;3;41;14;3;7;6;6;4;6;2;26;7
741;741;k00100000199;1796;m;7783;526;200;23;3;72;4;8;26;38;90;48;16;7;8;16;29;3;38;14
742;742;k00100000198;1795;m;25565;1868;739;90;2;246;9;27;52;179;258;230;66;34;14;57;64;16;104;31
743;743;k00100000167;1826;m;4899;474;198;3;0;67;0;13;6;37;57;46;37;16;14;13;8;2;21;16
744;744;k00100000173;1914;f;7481;592;214;16;0;107;0;31;18;103;66;8;27;18;21;13;16;7;22;10
745;745;k00200001587;1788;f;13027;1025;289;23;0;132;7;20;7;158;157;62;123;30;70;38;12;12;35;17
746;746;k00100000359;1823;f;14153;1171;379;23;1;203;1;73;24;163;117;65;111;38;38;43;20;33;40;30
747;747;k00200002703;1898;m;4531;365;167;6;1;27;1;2;19;47;41;26;9;12;11;7;15;1;23;6
748;748;k00100000365;1861;m;19903;1740;502;77;2;382;12;47;67;190;174;142;106;42;37;47;35;12;77;37
749;749;k00100000417;1799;m;20556;1642;660;59;2;358;30;15;30;208;112;116;47;39;41;31;33;6;85;37
750;750;k00200000882;1870;m;28908;2617;925;49;0;381;3;69;99;305;279;76;149;162;92;72;91;33;192;117
751;751;k00100000371;1906;m;5655;456;125;15;3;95;0;34;34;42;23;65;18;11;10;14;21;9;14;12
752;752;k00200002850;1912;m;8017;771;268;13;0;150;0;12;51;147;77;7;38;14;21;28;32;1;17;15
753;753;k00200002844;1869;m;9470;802;296;33;0;153;4;34;51;95;87;26;31;22;22;13;23;10;10;5
754;754;k00200001418;1885;m;17340;1803;424;28;2;337;4;26;137;251;226;48;53;91;47;16;74;17;133;119
755;755;k00100000239;1784;f;10103;876;296;25;2;122;2;24;7;125;102;76;87;24;14;27;41;21;12;19
756;756;k00100000211;1886;m;12421;996;319;42;0;199;3;37;39;128;109;24;40;35;29;30;45;21;50;36
757;757;k00200001424;1874;m;20938;1168;370;59;0;174;0;21;21;206;127;48;39;54;71;47;18;13;200;39
758;758;k00200001342;1838;m;3679;248;109;2;0;31;1;2;14;35;6;27;6;1;7;10;6;2;6;6
759;759;k00200001356;1909;m;4322;411;211;9;2;51;2;9;19;62;60;12;9;6;1;10;9;0;4;7
760;760;k00100000205;1809;m;8679;574;216;28;0;104;7;4;19;92;90;28;10;19;9;26;24;3;27;13
761;761;k00200001430;1905;m;10135;994;306;30;0;200;1;23;23;106;126;106;62;66;22;38;31;13;8;7
762;762;k00200002313;1887;m;8621;859;247;12;0;138;0;23;19;132;125;98;52;36;31;15;19;15;43;10
763;763;k00200000510;1860;m;19666;2261;713;32;0;358;11;93;84;313;215;32;142;107;70;39;42;73;225;33
764;764;k00200002461;1812;m;15411;737;342;9;1;67;7;33;36;60;102;8;11;27;42;7;46;14;42;101
765;765;k00200001140;1889;m;4583;407;93;7;0;90;1;11;18;62;44;6;50;33;9;10;15;10;26;4
766;766;k00200002449;1895;m;1650;101;27;8;0;22;3;5;5;17;5;3;4;3;0;3;0;1;10;3
767;767;k00200001626;1915;m;10934;1006;350;22;1;189;1;13;40;136;155;26;42;56;22;31;26;2;8;30
768;768;k00100000013;1840;f;18715;1514;343;150;1;307;51;27;77;175;208;65;103;72;47;40;29;20;7;6
769;769;k00200000538;1904;m;7153;524;138;10;0;96;2;8;60;66;54;17;18;24;29;11;41;5;19;21
770;770;k00100000007;1815;m;3910;289;106;7;0;44;0;15;8;36;23;18;27;11;4;9;4;13;23;3
771;771;k00200002311;1909;m;11139;1157;329;22;0;216;7;25;28;204;104;116;75;54;55;19;31;15;24;15
772;772;k00200000506;1889;m;15326;881;159;30;2;180;12;30;30;105;78;121;82;42;42;36;17;14;53;30
773;773;k00200001618;1895;m;8513;747;181;15;0;84;0;47;104;92;50;18;53;56;40;4;15;17;57;28
774;774;k00200002463;1880;f;18977;962;484;18;0;112;3;32;54;125;89;4;33;33;49;24;37;11;23;35
775;775;k00100000039;1897;m;6687;502;145;16;0;86;1;2;14;49;68;41;60;32;13;11;23;2;5;19
776;776;k00200001426;1885;m;19592;1277;419;24;0;158;2;66;11;224;76;60;64;71;72;55;19;30;140;81
777;777;k00100000213;1907;m;4255;431;159;10;0;69;0;6;42;61;55;17;22;10;2;6;10;1;1;14
778;778;k00200000704;1876;m;13460;1056;370;28;0;155;18;55;39;161;158;8;52;24;74;28;28;53;26;2
779;779;k00200002661;1899;m;12902;808;295;34;4;48;1;12;30;105;134;35;55;45;15;8;34;1;33;20
780;780;k00200002852;1907;m;4856;387;119;9;0;110;0;17;11;63;40;11;20;10;3;18;12;7;0;20
781;781;k00200000937;1826;m;9841;956;412;22;0;200;0;17;32;96;160;59;35;27;13;15;7;1;9;16
782;782;k00200001397;1882;m;13735;1104;279;21;1;227;3;34;26;167;87;61;69;61;38;43;60;12;90;47
783;783;k00200000089;1882;m;17692;1109;364;40;1;190;8;36;26;142;119;67;73;49;32;30;25;22;70;11
784;784;k00200002846;1864;m;6326;559;184;18;2;106;4;21;35;66;49;35;28;10;31;26;6;2;6;14
785;785;k00100000367;1897;m;6613;590;152;13;0;116;1;17;26;73;66;37;32;31;11;17;31;0;29;16
786;786;k00100000373;1880;f;6609;540;255;14;0;110;2;9;25;87;53;1;6;24;6;19;11;1;17;22
787;787;k00200002729;1888;m;12221;829;235;20;0;145;1;21;25;105;100;31;62;36;51;32;10;8;80;49
788;788;k00100000415;1879;m;9183;787;270;24;5;123;5;21;66;97;89;15;36;52;44;25;29;11;8;18
789;789;k00200000670;1808;m;9479;674;142;30;0;113;13;10;40;120;67;33;44;27;30;19;18;4;41;29
790;790;k00200002073;1909;m;7596;570;193;7;0;106;1;31;42;53;97;33;22;23;23;19;39;2;5;6
791;791;k00100000429;1780;m;32604;1956;392;81;2;439;25;65;29;263;259;264;130;46;64;70;86;32;100;16
792;792;k00200001591;1894;m;6850;439;130;12;0;61;7;16;40;55;52;1;23;13;10;12;16;13;30;24
793;793;k00200002098;1884;m;16912;1684;414;58;3;353;4;68;80;224;180;153;36;92;21;38;67;12;93;28
794;794;k00200001585;1788;f;9786;859;267;30;1;149;3;17;9;126;103;55;79;23;56;20;11;8;52;14
795;795;k00100000398;1798;m;13543;1129;301;35;2;155;4;12;30;172;125;92;142;30;35;51;16;3;25;41
796;796;k00200001750;1902;f;4368;458;181;14;0;80;0;2;45;35;64;14;13;18;7;15;21;0;5;3
797;797;k00100000165;1825;m;11405;989;378;17;0;164;4;33;32;153;126;48;38;41;18;17;15;2;23;44
798;798;k00200001022;1904;m;9384;698;231;13;1;122;6;16;21;108;71;36;48;29;30;8;20;9;32;11
799;799;k00100000171;1846;m;9640;718;233;20;3;144;11;17;11;89;49;37;28;40;31;14;37;16;15;29
800;800;k00200002503;1822;m;8918;662;184;19;2;130;3;24;27;104;62;26;36;36;32;19;2;4;39;19
801;801;k00200001793;1916;m;9899;780;234;15;1;137;2;41;143;96;41;7;16;34;10;21;49;20;20;6
802;802;k00100000164;1771;m;6645;327;222;3;0;30;1;7;0;41;9;48;34;2;12;4;10;6;2;3
803;803;k00200001751;1903;f;4395;390;142;21;1;65;4;2;41;53;48;15;6;14;1;9;14;0;5;6
804;804;k00100000399;1836;m;15262;1125;378;21;2;188;0;34;41;149;99;69;95;76;40;45;31;10;18;49
805;805;k00200001590;1890;m;8328;578;175;14;0;66;5;31;50;74;59;4;23;11;33;21;13;28;50;38
806;806;k00200002072;1866;m;6750;520;147;11;0;107;2;10;54;82;71;18;19;23;7;4;34;2;8;6
807;807;k00200002714;1900;m;4999;406;120;5;0;59;0;2;37;56;44;25;24;14;11;15;21;0;28;7
808;808;k00100000428;1776;m;11725;521;124;19;2;103;4;18;3;66;87;32;44;10;21;13;39;11;32;12
809;809;k00200000117;1896;m;5858;482;188;20;1;95;4;5;26;51;59;29;31;16;8;11;15;5;8;13
810;810;k00200000881;1857;m;12056;1185;364;16;1;206;0;20;52;125;113;44;64;64;17;23;37;6;139;75
811;811;k00100000372;1907;m;3272;203;68;7;0;37;0;9;28;35;11;2;0;15;1;0;11;4;10;9
812;812;k00100000414;1879;m;10088;841;313;8;1;165;4;28;48;107;82;21;26;25;38;25;27;10;16;47
813;813;k00200001221;1904;m;28142;1993;698;36;0;359;8;17;143;276;145;59;70;105;85;15;132;7;110;63
814;814;k00100000400;1840;m;12362;822;253;27;0;161;3;20;23;106;70;40;63;28;41;44;23;11;26;26
815;815;k00100000366;1869;m;32013;3286;1013;113;8;775;4;142;134;395;260;138;125;100;62;51;135;22;222;60
816;816;k00200000922;1913;m;10678;571;148;20;0;101;0;4;12;53;39;22;23;10;18;15;26;0;113;7
817;817;k00200002660;1887;f;6290;336;116;7;0;57;0;2;4;51;29;27;7;20;8;6;5;2;37;11
818;818;k00200002674;1911;m;17741;1633;508;53;3;250;9;33;89;253;170;88;90;68;26;38;50;10;61;20
819;819;k00200001433;1841;m;9013;420;289;11;0;95;12;8;30;75;21;12;8;20;12;19;11;1;3;2
820;820;k00200001355;1909;m;4334;473;262;12;0;59;1;8;26;68;79;5;8;7;0;6;11;0;1;0
821;821;k00200002884;1916;f;6485;559;155;20;1;96;5;12;16;62;69;39;42;29;5;8;11;5;60;15
822;822;k00200002890;1878;m;1982;131;38;5;0;18;1;1;26;18;7;1;3;2;11;2;5;1;10;3
823;823;k00100000212;1903;m;4311;484;111;17;1;81;1;5;61;57;46;44;35;38;3;7;10;2;7;12
824;824;k00200001427;1901;m;5461;617;217;18;2;109;1;11;26;37;55;58;47;40;8;20;14;3;20;3
825;825;k00200001180;1787;m;11825;650;145;22;1;128;4;22;21;85;63;67;65;41;27;28;28;15;20;12
826;826;k00100000038;1822;f;29676;2141;498;37;0;295;1;62;51;202;243;78;225;104;150;67;62;44;137;275
827;827;k00200001619;1895;m;8169;793;215;15;0;151;2;30;68;90;81;11;58;35;43;6;13;12;64;23
828;828;k00200000261;1912;f;8538;478;171;13;3;64;2;13;71;86;35;9;17;8;10;13;29;6;37;6
829;829;k00100000004;1852;m;40581;3728;1196;116;18;711;8;46;234;519;361;173;164;176;81;111;121;7;134;97
830;830;k00200002377;1900;m;28544;1997;535;115;2;439;44;76;183;263;188;79;51;70;118;58;63;28;64;66
831;831;k00200001118;1877;m;18291;1283;365;24;0;315;1;29;17;189;82;45;68;68;37;32;82;23;64;42
832;832;k00200002405;1885;f;9327;824;306;29;1;159;3;21;57;137;95;7;32;32;6;19;33;6;25;13
833;833;k00200002363;1919;m;5101;412;123;8;0;70;3;3;8;45;33;45;57;9;12;4;9;0;13;2
834;834;k00200003055;1920;f;6249;744;205;37;0;115;2;1;38;95;141;35;78;27;7;5;27;0;22;9
835;835;k00100000077;1900;f;8275;685;282;33;3;40;0;16;43;82;94;34;41;43;0;9;41;4;23;12
836;836;k00200002439;1900;f;11155;863;288;22;1;114;0;19;42;97;88;39;65;63;9;18;48;2;46;15
837;837;k00200001656;1880;m;15786;1085;387;21;0;203;10;24;50;182;95;32;46;39;49;27;33;17;32;47
838;838;k00100000088;1795;m;5070;386;125;26;5;38;2;22;22;56;61;32;12;16;10;6;12;1;3;6
839;839;k00200001681;1866;m;7798;110;8;8;0;18;0;0;25;5;46;4;1;2;2;2;2;0;1;0
840;840;k00200001859;1906;m;3236;356;168;2;0;32;1;1;16;47;53;2;6;10;6;16;9;1;26;17
841;841;k00200002388;1830;m;4266;301;70;16;0;70;2;6;28;45;29;4;1;13;10;6;27;2;13;13
842;842;k00200003082;1878;m;17158;1520;532;53;1;236;5;38;53;223;147;64;69;68;48;56;36;16;72;58
843;843;k00100000249;1881;f;6856;588;257;12;1;127;1;27;39;63;59;9;8;20;3;15;20;3;10;9
844;844;k00200000776;1858;m;21207;1623;668;56;0;304;2;22;60;220;141;28;70;70;89;48;86;1;26;44
845;845;k00200000010;1840;m;9385;763;243;40;2;163;7;38;69;122;64;16;19;17;12;27;26;2;20;4
846;846;k00200000038;1878;m;7935;560;206;26;1;100;4;5;45;99;55;6;14;22;12;13;14;0;2;2
847;847;k00100000275;1876;m;8175;379;118;6;0;84;7;9;26;50;29;13;14;11;23;10;9;3;61;17
848;848;k00100000261;1898;m;20786;1802;524;73;2;372;11;19;56;384;192;20;42;71;52;18;104;13;42;92
849;849;k00200001332;1894;m;6224;558;108;12;0;109;0;19;6;70;64;50;43;30;46;16;19;3;28;26
850;850;k00200002808;1908;m;11315;1158;361;29;0;211;1;32;128;168;63;39;84;59;20;41;50;12;34;8
851;851;k00200000789;1850;m;10542;748;239;17;1;187;7;13;32;114;67;9;28;22;48;10;45;1;8;12
852;852;k00200000951;1910;m;10732;635;271;11;1;68;0;4;65;89;82;11;18;29;18;14;37;4;7;39
853;853;k00200001497;1864;m;7348;462;131;11;0;98;5;31;9;38;43;17;21;28;21;16;10;20;31;41
854;854;k00200001508;1856;m;37019;2852;874;80;9;500;19;86;109;571;308;125;68;75;112;92;68;44;240;73
855;855;k00100000329;1903;f;8036;886;296;40;0;181;1;11;18;95;141;59;95;19;8;25;26;2;3;1
856;856;k00200002015;1828;m;17849;1238;541;42;1;154;3;38;58;290;67;44;35;47;31;48;32;8;69;53
857;857;k00100000301;1858;f;6597;486;165;12;0;74;7;31;19;103;42;10;21;26;30;12;11;12;15;13
858;858;k00100000315;1857;m;5619;357;136;10;0;54;3;7;17;61;40;12;5;10;3;17;15;6;19;2
859;859;k00200002997;1914;m;7399;692;208;8;0;192;0;7;15;73;67;55;31;18;28;15;13;0;34;26
860;860;k00200002203;1895;m;6755;676;245;13;0;131;2;6;59;67;64;39;27;13;13;12;16;2;34;14
861;861;k00200003109;1919;m;5567;398;97;1;1;67;0;4;23;74;37;24;23;36;20;5;19;0;20;7
862;862;k00200002217;1789;m;13080;1058;286;35;7;253;7;14;44;138;123;46;27;66;24;18;62;2;15;10
863;863;k00100000103;1878;m;26139;2067;780;51;0;408;4;58;50;339;126;97;85;70;89;65;34;2;31;81
864;864;k00200002559;1891;f;10162;903;278;27;0;172;5;17;32;93;113;32;40;30;12;20;19;1;90;20
865;865;k00100000117;1895;m;3457;285;86;7;0;62;0;5;13;37;53;6;11;7;3;7;19;0;2;7
866;866;k00200001939;1909;m;9209;791;264;13;0;133;3;34;22;108;92;44;28;22;22;25;24;15;58;14
867;867;k00200001938;1914;m;5303;440;132;14;0;75;2;23;23;52;51;10;6;16;20;6;14;14;46;13
868;868;k00100000102;1913;m;10248;688;299;21;2;87;2;16;28;91;80;6;27;10;10;23;23;6;38;7
869;869;k00200000429;1904;m;11376;622;184;20;2;80;1;18;44;103;62;61;26;29;13;16;14;11;33;9
870;870;k00200001737;1902;m;2595;225;85;1;0;34;0;7;4;14;29;10;33;4;5;5;6;1;19;6
871;871;k00200002558;1920;m;8341;571;156;19;0;93;1;4;67;81;69;47;36;20;3;6;27;1;10;12
872;872;k00200001051;1908;m;8443;842;246;56;2;180;14;10;52;102;117;15;36;36;6;17;33;0;16;7
873;873;k00200000373;1915;m;6746;619;265;7;1;79;2;5;13;84;63;23;67;14;26;14;9;0;5;17
874;874;k00200001284;1903;m;7720;511;194;10;0;53;1;19;36;101;25;10;47;27;12;13;4;11;9;22
875;875;k00200002996;1914;m;8328;633;202;13;0;102;2;14;9;82;67;12;40;29;41;8;10;8;44;42
876;876;k00100000300;1846;f;14650;1330;413;43;1;260;1;42;45;195;135;88;91;41;35;49;38;13;15;33
877;877;k00200002772;1909;m;5199;364;116;15;1;100;0;7;21;51;32;4;16;12;17;3;10;3;11;11
878;878;k00200001496;1864;m;6568;366;91;5;0;56;1;46;12;35;29;3;18;26;29;17;16;28;36;34
879;879;k00200000950;1884;m;17188;1092;369;29;0;145;4;46;36;180;123;45;62;44;29;22;36;26;35;7
880;880;k00200002809;1906;m;14308;1588;534;30;0;297;2;42;184;212;145;42;79;58;19;25;70;2;46;14
881;881;k00100000260;1897;m;21459;2088;743;83;3;373;18;50;87;348;178;7;37;76;48;15;113;31;94;105
882;882;k00100000274;1803;f;6062;683;174;13;1;85;0;28;2;46;102;58;137;21;22;29;6;24;24;13
883;883;k00100000248;1871;f;15702;1470;658;19;2;266;0;50;98;192;113;29;58;48;16;51;29;11;7;24
884;884;k00200002389;1912;f;9021;502;233;14;0;90;2;10;29;83;36;19;17;28;2;10;10;5;14;2
885;885;k00200003097;1912;m;5464;358;112;8;0;65;3;30;9;48;35;17;16;17;22;11;18;10;5;11
886;886;k00200002438;1910;f;6438;643;206;10;2;97;1;8;19;85;84;27;46;45;16;17;22;1;42;5
887;887;k00200001657;1860;m;8259;481;156;10;1;91;1;28;19;85;26;16;21;30;19;25;9;20;16;8
888;888;k00100000062;1876;m;26215;1719;623;50;1;280;16;20;71;162;169;113;54;30;97;56;48;11;61;36
889;889;k00200001669;1870;m;7098;534;189;3;0;75;1;14;16;123;32;18;27;32;25;15;23;7;18;26
890;890;k00100000048;1779;m;5768;444;130;3;0;86;0;21;22;79;60;10;14;12;3;21;45;0;0;14
891;891;k00200000563;1899;f;6572;430;133;12;0;79;0;2;8;60;54;23;10;18;4;16;8;1;57;6
892;892;k00200002374;1776;m;19478;1288;318;41;1;295;1;21;20;194;256;77;87;41;43;51;63;8;40;26
893;893;k00200001133;1909;m;3716;384;84;7;0;58;0;3;38;57;49;36;36;24;2;4;7;1;5;15
894;894;k00200003056;1906;m;5483;462;177;6;1;60;1;12;19;73;32;14;22;14;22;16;12;4;32;21
895;895;k00200001872;1913;m;4205;310;90;11;0;52;1;0;4;59;19;28;27;7;19;7;11;0;9;9
896;896;k00200001866;1853;m;6614;466;142;21;0;86;9;15;27;72;23;16;13;28;20;14;5;6;22;29
897;897;k00200003095;1912;m;3516;298;79;12;0;45;4;10;18;27;31;21;12;6;20;17;9;2;11;14
898;898;k00200000013;1824;m;18441;1344;391;34;1;204;13;64;36;222;140;48;46;43;71;28;69;30;142;74
899;899;k00200000775;1860;m;1244;118;45;5;0;19;2;6;8;11;7;0;8;1;7;3;1;0;1;0
900;900;k00200003268;1913;f;5045;395;168;6;0;58;3;13;27;42;39;5;13;3;0;27;16;2;19;2
901;901;k00200002176;1895;m;9609;724;256;25;5;158;3;20;42;61;129;15;22;42;11;12;29;6;12;11
902;902;k00200000991;1920;m;2396;204;77;4;0;33;0;7;19;21;23;5;12;9;10;11;2;0;5;2
903;903;k00100000262;1898;m;20575;1740;597;63;2;326;5;20;70;366;216;23;49;57;55;22;116;8;22;50
904;904;k00200000985;1918;f;19884;1816;785;30;1;214;4;15;48;234;158;145;128;66;27;37;31;8;88;31
905;905;k00100000276;1880;m;4836;272;78;6;0;41;0;8;21;51;12;19;3;12;17;9;9;2;48;6
906;906;k00200003254;1908;f;5492;459;165;3;0;49;1;14;36;78;59;6;26;14;6;15;7;2;45;1
907;907;k00200001325;1910;m;15653;910;262;28;0;178;3;16;35;102;97;79;61;33;19;34;47;7;12;57
908;908;k00100000289;1779;m;5529;447;126;21;0;133;1;29;7;60;43;19;10;33;10;3;15;3;2;5
909;909;k00200000952;1916;m;12035;672;276;7;0;104;1;4;66;97;101;22;21;27;27;17;23;4;16;17
910;910;k00200002016;1835;m;11018;764;306;25;1;122;1;23;25;154;26;17;21;34;17;29;17;11;16;104
911;911;k00100000316;1863;m;15682;1078;438;29;0;195;2;38;32;123;129;28;78;23;39;50;39;11;55;8
912;912;k00200001523;1858;f;12597;1198;422;25;1;201;11;1;25;188;179;44;125;49;16;38;8;0;7;14
913;913;k00100000302;1858;f;6275;540;150;14;2;106;2;25;25;97;62;11;30;11;37;25;13;9;14;5
914;914;k00200002980;1892;m;21036;1700;562;38;0;309;7;28;124;261;137;16;43;148;62;21;78;23;88;62
915;915;k00200000198;1912;m;14874;846;274;28;2;184;1;62;35;97;99;15;44;41;8;17;11;14;34;26
916;916;k00200001286;1903;m;13060;790;222;21;0;121;2;30;95;116;83;9;49;55;19;23;23;18;15;24
917;917;k00100000128;1877;f;17546;1299;361;30;3;213;1;73;56;171;124;138;89;67;35;21;36;27;50;25
918;918;k00200000417;1869;m;8226;559;160;15;1;123;2;13;17;78;42;44;19;45;8;18;36;7;20;9
919;919;k00200002200;1896;m;5682;500;189;15;0;97;5;12;34;58;41;14;21;14;16;7;22;3;8;11
920;920;k00100000114;1892;m;9194;804;272;30;1;183;4;21;19;137;77;40;28;29;16;31;15;1;8;8
921;921;k00200001047;1856;m;11061;747;186;27;0;161;5;37;32;119;57;58;39;27;38;23;31;24;21;15
922;922;k00200001053;1830;m;5728;623;150;14;2;160;4;4;24;85;105;37;12;12;15;20;13;0;24;5
923;923;k00200003122;1904;f;3839;344;86;4;0;44;0;4;8;44;65;23;28;9;17;9;10;0;27;14
924;924;k00200001735;1791;f;9178;756;292;18;0;105;0;11;13;86;104;73;39;14;6;15;30;6;28;43
925;925;k00200002598;1910;m;3906;225;80;5;1;25;0;10;11;27;20;2;15;20;11;8;5;8;7;18
926;926;k00200001907;1918;m;17504;1645;401;63;1;262;0;18;84;181;186;75;245;90;46;38;58;12;81;18
927;927;k00100000115;1892;m;6635;575;193;19;0;131;1;8;19;98;64;24;21;28;16;15;13;1;3;9
928;928;k00200002567;1896;f;10666;958;263;22;0;201;3;22;36;132;110;30;64;38;4;25;26;3;67;20
929;929;k00200002201;1909;m;6924;570;174;18;0;120;0;6;23;89;77;8;26;25;19;12;24;3;12;9
930;930;k00100000129;1879;f;4499;313;91;2;0;44;0;14;10;38;34;40;16;12;2;11;17;2;12;5
931;931;k00200002215;1899;m;6569;539;195;19;3;122;1;8;25;59;35;3;34;14;17;9;30;4;18;5
932;932;k00200001293;1907;m;13727;1161;360;38;0;178;10;54;165;181;82;35;68;66;13;28;31;30;15;24
933;933;k00200001287;1908;m;12383;974;362;27;5;141;3;40;55;139;72;29;60;47;20;48;17;23;18;6
934;934;k00200000199;1796;m;14800;907;336;24;4;157;4;41;31;87;116;17;46;34;16;26;39;11;64;35
935;935;k00200000628;1907;m;13832;144;4;16;0;5;0;1;2;65;70;0;0;2;0;0;1;0;0;0
936;936;k00100000303;1858;f;6286;487;120;11;0;108;1;30;31;72;46;16;23;13;34;16;8;7;10;5
937;937;k00200002759;1909;f;13617;1197;336;29;2;287;2;25;69;154;169;50;79;50;20;34;16;3;23;19
938;938;k00200002995;1914;m;7644;652;221;16;0;137;2;13;22;78;57;46;28;19;23;13;13;2;42;24
939;939;k00200001522;1858;f;9113;756;253;17;1;141;5;1;36;128;127;45;71;37;11;20;5;0;5;7
940;940;k00100000317;1863;m;13888;952;302;27;4;181;1;29;44;126;89;44;59;27;28;24;20;13;97;8
941;941;k00200001278;1905;m;14371;952;305;28;0;162;2;37;128;148;67;25;45;27;13;30;19;21;15;27
942;942;k00200002771;1791;m;21327;1670;630;27;1;194;1;60;4;199;119;123;144;81;82;99;12;21;77;92
943;943;k00200003309;1918;m;3675;128;43;1;0;18;0;0;0;10;0;9;30;0;10;1;0;0;14;0
944;944;k00200003296;1916;m;4445;301;100;8;1;42;2;5;43;52;25;3;1;12;6;9;12;3;19;1
945;945;k00200002836;1890;m;15884;1532;444;29;3;292;6;70;72;120;189;110;53;70;57;20;48;58;92;58
946;946;k00200001495;1889;m;13977;819;268;10;0;118;5;56;55;118;42;17;40;39;45;39;31;40;39;57
947;947;k00100000288;1790;m;1779;99;21;0;0;11;0;8;1;17;11;2;9;3;6;6;2;3;13;2
948;948;k00200003255;1914;f;9274;632;243;12;0;69;2;35;12;65;93;7;43;19;9;20;29;8;49;10
949;949;k00100000277;1887;m;4815;285;83;10;0;48;0;15;26;30;21;16;10;12;4;10;13;5;39;4
950;950;k00200001330;1883;m;5195;456;136;8;0;66;1;8;6;55;47;30;41;16;25;16;9;1;42;23
951;951;k00100000263;1898;m;19005;1807;597;72;1;357;25;23;83;322;210;23;54;66;52;20;94;9;31;38
952;952;k00200000760;1899;m;3515;229;86;9;0;30;2;1;25;34;12;7;7;9;2;7;6;1;17;6
953;953;k00200002177;1904;m;7094;404;132;11;2;59;4;15;10;50;25;34;18;25;29;5;14;13;36;8
954;954;k00200003269;1915;f;5373;338;146;10;0;51;2;4;23;32;37;3;3;12;7;19;11;1;26;4
955;955;k00200000012;1840;m;10814;939;278;59;1;205;23;22;79;142;83;23;16;21;9;37;36;2;8;3
956;956;k00200000238;1888;f;5540;485;144;15;2;102;6;28;24;57;46;21;20;20;5;14;10;1;27;10
957;957;k00200001126;1916;m;7849;604;193;17;0;185;4;5;41;73;76;20;8;29;3;8;12;1;4;12
958;958;k00200003043;1897;m;18916;1713;570;40;1;296;4;47;146;228;154;40;83;122;65;17;78;16;102;17
959;959;k00100000049;1779;m;7040;440;149;4;0;59;0;38;11;76;41;18;15;26;5;18;24;3;0;22
960;960;k00200002361;1897;m;9342;789;249;24;5;131;1;23;9;86;109;63;30;40;28;28;32;10;9;7
961;961;k00200001136;1887;m;13441;1283;279;23;0;217;2;42;143;146;132;91;63;73;11;22;37;15;114;44
962;962;k00200001888;1912;m;8060;746;195;13;2;206;4;3;15;71;93;31;28;39;10;15;29;3;55;5
963;963;k00200002359;1913;m;6181;743;212;26;1;138;0;0;32;73;126;43;49;44;7;30;19;0;5;6
964;964;k00100000071;1896;f;8938;846;197;30;1;160;1;9;44;96;114;133;57;35;9;21;36;0;26;12
965;965;k00200002365;1918;m;6136;422;111;10;0;92;1;0;5;46;43;73;28;10;8;5;13;0;8;0
966;966;k00200000572;1913;f;11453;816;285;16;0;144;0;14;9;89;79;68;47;33;12;22;17;8;107;17
967;967;k00100000059;1889;m;10951;909;221;31;0;172;2;16;33;69;95;60;105;73;31;41;17;5;17;35
968;968;k00200000566;1897;f;7286;479;160;8;0;71;2;5;10;43;48;48;20;43;12;20;16;3;37;14
969;969;k00200002371;1890;f;12632;1013;317;32;0;245;2;27;51;129;68;27;39;32;16;32;61;8;56;31
970;970;k00200000599;1908;m;8990;820;291;20;1;162;0;28;64;91;114;8;43;27;11;11;30;1;5;4
971;971;k00100000267;1904;m;22697;2065;696;50;3;357;14;26;84;372;238;67;71;95;49;38;95;16;20;74
972;972;k00100000273;1794;f;2053;207;72;1;0;24;0;12;3;8;16;15;36;11;5;13;2;12;0;0
973;973;k00200003251;1916;f;8917;660;223;14;2;106;5;25;18;62;93;7;35;38;7;26;22;9;57;8
974;974;k00200000770;1889;m;6565;389;110;11;1;77;1;7;26;56;36;6;19;29;19;5;30;2;7;8
975;975;k00200000016;1842;m;29637;2539;808;137;4;475;32;54;248;374;194;76;31;61;59;82;76;4;91;13
976;976;k00200000002;1903;m;6428;390;92;8;0;98;0;20;29;30;22;17;28;29;19;8;14;13;28;7
977;977;k00200002198;1897;m;6006;529;193;13;0;99;2;18;23;68;41;19;36;12;23;9;8;5;25;3
978;978;k00200002826;1890;f;21565;1799;457;64;4;330;6;27;81;200;186;109;132;113;43;44;93;22;102;16
979;979;k00100000298;1802;m;5964;362;137;5;1;56;2;7;3;79;33;9;38;9;5;11;7;3;17;25
980;980;k00100000313;1895;m;15101;1217;416;35;1;197;2;48;144;130;93;23;40;88;43;13;54;14;98;13
981;981;k00200001240;1843;m;26823;2190;906;61;2;381;8;84;70;266;201;24;104;75;76;68;50;25;129;58
982;982;k00200002991;1859;f;6428;607;160;11;0;122;0;8;24;83;46;64;36;34;15;30;5;2;20;10
983;983;k00200001254;1795;m;39454;4056;1148;140;8;605;21;46;70;447;522;660;287;90;32;120;90;10;60;100
984;984;k00100000307;1781;m;8355;609;172;77;1;159;2;9;0;72;50;11;9;29;9;18;52;4;0;1
985;985;k00200002013;1835;m;5565;446;185;15;0;61;7;8;18;83;35;8;8;28;10;15;16;2;4;9
986;986;k00200002952;1920;m;2695;218;54;4;1;29;0;3;26;16;21;11;13;16;6;8;15;0;10;8
987;987;k00200001283;1902;m;8512;463;154;7;3;59;5;25;56;70;27;8;20;26;14;13;7;11;6;35
988;988;k00100000111;1887;m;5951;560;202;18;1;108;3;11;18;84;77;18;21;14;10;13;17;0;8;2
989;989;k00200003133;1900;f;5823;543;204;9;1;59;2;5;38;85;103;11;12;30;3;17;18;0;11;1
990;990;k00200003127;1912;f;6166;447;126;18;3;100;3;18;47;77;48;3;15;26;3;13;24;1;3;12
991;991;k00100000105;1880;m;5185;455;151;23;0;83;6;5;13;72;38;31;20;19;14;26;9;1;3;8
992;992;k00200000348;1876;m;4698;300;77;14;0;72;7;2;43;44;23;10;5;14;6;5;13;1;6;1
993;993;k00200002211;1900;m;8862;774;252;30;4;192;3;7;32;75;88;52;26;18;18;17;36;2;23;11
994;994;k00200002205;1900;m;8745;753;233;43;1;182;8;8;34;105;55;14;43;41;15;11;37;7;19;10
995;995;k00200002563;1907;f;8144;899;207;25;0;153;1;17;65;100;89;100;81;63;4;22;27;0;30;5
996;996;k00200001095;1880;m;8807;633;260;17;1;100;14;19;24;78;65;56;31;14;8;16;5;14;9;11
997;997;k00200001080;1839;m;14645;1108;430;45;0;196;7;24;49;181;112;24;62;39;25;14;26;7;51;13
998;998;k00200002204;1913;m;11761;1039;273;47;4;206;3;13;87;143;127;25;58;45;26;13;39;4;21;11
999;999;k00100000138;1895;m;21782;1507;529;31;5;240;2;41;50;267;115;48;50;58;40;39;71;22;91;15
1000;1000;k00200000375;1912;m;9119;620;263;14;0;102;0;11;17;97;58;20;60;34;16;26;6;1;6;15
1001;1001;k00200002562;1899;f;5394;538;108;14;0;97;1;15;24;63;86;50;51;35;5;5;14;0;19;9
1002;1002;k00200002210;1894;m;9081;671;206;16;0;162;0;4;21;119;44;30;12;31;19;7;44;2;20;8
1003;1003;k00100000104;1879;m;4092;437;177;26;1;87;7;6;9;65;28;17;6;6;23;12;3;0;4;7
1004;1004;k00200002238;1890;m;10194;687;215;16;0;124;12;51;42;68;77;19;42;24;8;20;25;16;20;10
1005;1005;k00100000110;1887;m;6243;465;217;5;0;100;3;8;10;75;33;12;19;18;6;13;17;0;3;6
1006;1006;k00200000188;1875;f;12347;1053;363;26;1;191;0;31;39;144;132;57;53;42;28;27;24;19;19;38
1007;1007;k00200002953;1912;m;3944;283;85;6;0;57;0;5;33;21;27;7;20;8;2;8;13;3;8;11
1008;1008;k00200000177;1804;m;4995;266;85;8;1;30;0;14;14;39;37;27;10;12;11;4;5;4;31;6
1009;1009;k00200000163;1881;m;23187;1621;438;55;1;308;13;24;87;217;220;62;71;107;61;46;68;10;36;40
1010;1010;k00100000448;1877;f;24576;1982;824;33;1;272;2;17;75;267;266;16;97;85;86;41;83;1;65;39
1011;1011;k00200002774;1919;m;10303;955;301;22;0;170;1;2;28;180;156;11;49;24;15;17;52;0;21;26
1012;1012;k00100000306;1781;m;8646;641;185;47;3;152;1;9;1;105;72;11;7;26;14;26;17;6;10;7
1013;1013;k00100000312;1828;f;17189;1553;518;16;1;257;3;55;19;154;133;156;156;35;77;56;41;40;23;22
1014;1014;k00200002990;1859;f;5409;439;149;20;1;48;2;10;12;57;45;50;27;21;16;18;3;6;22;11
1015;1015;k00100000299;1802;m;1224;108;29;2;0;25;0;1;0;19;5;3;10;11;3;2;5;0;1;1
1016;1016;k00200003287;1900;m;4843;372;131;3;0;64;1;13;5;76;15;32;25;14;14;12;3;4;23;11
1017;1017;k00200000003;1908;m;11856;788;165;11;0;139;8;64;43;72;88;31;75;31;32;33;43;40;47;24
1018;1018;k00200000765;1861;m;23101;1827;575;44;2;444;4;61;78;203;172;38;130;72;57;69;111;4;17;42
1019;1019;k00200001321;1909;m;6238;385;144;23;0;64;5;19;46;49;27;8;2;13;8;9;9;11;14;3
1020;1020;k00200001447;1901;m;6356;538;190;7;0;78;0;5;10;83;63;19;26;24;9;24;10;1;61;10
1021;1021;k00100000266;1903;m;22490;1927;721;46;7;346;8;21;60;306;188;40;68;83;62;12;70;13;15;56
1022;1022;k00200000995;1912;f;5349;466;139;5;0;76;0;20;11;53;51;19;64;18;9;12;16;7;34;7
1023;1023;k00200001453;1916;m;4062;376;108;15;0;82;2;5;15;44;36;7;24;17;22;9;19;5;25;6
1024;1024;k00200003091;1907;m;5915;496;122;27;0;129;0;22;23;47;37;40;15;57;6;8;18;13;15;11
1025;1025;k00200000598;1899;m;4743;403;190;16;1;21;0;12;28;44;45;34;21;20;3;7;13;2;5;2
1026;1026;k00200002370;1895;f;15652;1254;441;20;2;246;0;35;43;175;82;61;56;54;12;37;44;3;100;31
1027;1027;k00200000567;1897;f;7105;517;176;15;2;85;3;8;13;52;55;49;19;26;11;12;17;2;37;9
1028;1028;k00100000058;1888;m;13562;883;232;29;4;173;3;31;30;144;91;21;51;74;22;20;35;16;34;29
1029;1029;k00100000070;1894;f;3863;395;78;18;1;75;1;6;20;43;36;58;30;12;10;11;18;2;17;13
1030;1030;k00200002358;1916;m;7898;864;239;23;2;108;0;11;10;109;164;63;93;36;3;29;22;1;8;9
1031;1031;k00200001121;1909;m;11308;869;344;28;0;111;2;20;13;106;115;8;59;26;15;14;62;10;20;27
1032;1032;k00200000559;1911;m;16318;1406;392;35;1;307;3;21;129;163;127;78;49;75;31;28;105;4;63;24
1033;1033;k00100000072;1899;f;10037;1007;247;12;1;226;2;12;47;124;106;105;51;45;15;27;36;1;36;30
1034;1034;k00200003044;1900;m;12428;1288;379;21;0;242;0;37;84;143;152;56;93;85;42;16;38;12;68;13
1035;1035;k00200000565;1886;f;14431;960;359;18;1;137;3;7;24;111;87;67;40;37;18;31;21;5;104;20
1036;1036;k00200000571;1896;f;9718;704;242;13;2;87;2;16;12;87;68;74;21;51;14;16;15;15;99;12
1037;1037;k00200001109;1879;m;6781;597;180;13;0;98;2;34;29;63;71;25;37;22;24;25;16;20;33;12
1038;1038;k00200001684;1859;m;5892;45;0;3;0;2;0;0;16;1;39;0;0;0;0;0;0;0;0;0
1039;1039;k00200003093;1918;m;5820;574;160;11;1;112;5;29;32;68;90;23;19;26;23;10;11;7;35;13
1040;1040;k00200003087;1909;m;4029;265;51;3;0;26;0;4;17;31;33;44;21;17;4;8;13;0;19;1
1041;1041;k00200001848;1874;m;18094;1246;282;53;3;286;17;35;101;161;123;18;37;66;33;67;38;12;115;30
1042;1042;k00200001860;1898;m;1932;185;52;7;0;33;0;0;16;24;23;6;7;7;3;11;6;0;6;6
1043;1043;k00100000099;1807;m;4024;414;153;8;0;56;2;4;0;42;78;27;28;15;13;11;4;0;2;9
1044;1044;k00200001445;1859;m;24613;2497;801;41;1;365;2;24;144;351;276;157;165;121;100;61;46;4;99;80
1045;1045;k00200000983;1894;f;6841;592;206;26;2;108;2;10;27;73;67;27;15;32;9;17;13;1;29;11
1046;1046;k00100000270;1843;m;9089;430;294;12;0;99;13;8;33;75;23;11;7;20;12;20;12;1;3;2
1047;1047;k00200000029;1865;m;9762;871;266;31;3;222;3;7;54;123;105;17;27;44;14;10;29;2;8;14
1048;1048;k00200003246;1846;m;5117;377;159;9;0;53;4;5;5;53;28;38;12;17;9;14;7;2;14;17
1049;1049;k00100000264;1899;m;19072;1685;582;57;5;313;11;21;67;352;183;46;49;61;53;28;83;13;24;54
1050;1050;k00200000015;1848;m;10053;891;241;30;3;218;7;12;103;173;81;30;14;38;19;17;20;1;26;17
1051;1051;k00100000258;1897;m;16257;1367;449;35;6;240;6;33;52;294;122;7;29;54;58;7;65;22;51;77
1052;1052;k00200000773;1865;m;15946;1078;322;25;3;261;1;39;35;122;98;10;52;39;49;23;76;5;12;50
1053;1053;k00200003291;1882;m;6428;504;176;14;1;64;2;14;19;70;30;15;34;15;27;13;23;7;36;9
1054;1054;k00200002831;1910;m;6891;536;206;5;0;82;1;4;25;79;32;19;41;16;17;17;23;0;14;12
1055;1055;k00200003285;1909;m;3888;214;92;4;0;28;1;1;2;33;15;2;10;4;11;6;3;0;16;4
1056;1056;k00200000968;1885;m;10881;700;207;22;1;122;0;37;37;113;65;45;38;27;16;21;20;26;27;19
1057;1057;k00100000304;1838;f;27141;1962;598;40;2;297;11;69;24;293;219;89;264;53;172;38;30;50;133;26
1058;1058;k00200002992;1859;f;7287;553;149;21;0;82;3;6;23;95;54;59;34;16;21;32;5;5;29;9
1059;1059;k00200002776;1837;m;6522;491;133;9;0;78;1;7;10;82;55;36;32;35;18;17;13;1;38;11
1060;1060;k00200002010;1843;m;13610;1046;301;61;2;162;9;41;62;175;47;54;66;49;18;27;31;26;8;55
1061;1061;k00200002951;1920;m;6169;411;106;5;0;82;1;9;33;49;40;32;29;25;12;10;17;5;28;8
1062;1062;k00200001280;1915;m;11282;729;270;19;1;98;4;17;73;133;57;13;46;26;6;13;16;5;9;11
1063;1063;k00100000106;1881;m;4664;504;235;25;4;90;6;1;19;72;34;17;10;14;8;14;5;0;7;1
1064;1064;k00100000112;1890;m;3446;357;119;20;3;72;3;7;6;57;37;13;8;11;10;5;12;0;5;2
1065;1065;k00200002560;1916;f;8108;795;226;23;2;132;0;22;45;101;92;34;53;22;8;22;18;5;69;10
1066;1066;k00200002206;1908;m;8039;773;295;13;0;150;0;10;34;146;95;8;14;16;28;5;19;1;9;9
1067;1067;k00200001096;1880;m;3935;395;161;5;0;48;0;6;18;59;36;38;13;11;6;10;5;6;25;1
1068;1068;k00200000388;1902;m;6353;557;135;23;2;135;5;22;33;54;56;17;56;29;14;20;28;5;5;4
1069;1069;k00200000389;1885;m;10872;797;312;30;1;132;1;26;27;87;57;35;65;24;37;20;20;14;24;14
1070;1070;k00200000376;1893;m;5336;461;170;8;0;72;1;9;24;50;47;23;59;23;8;16;1;5;4;4
1071;1071;k00100000113;1890;m;9177;810;326;36;2;166;8;16;29;133;62;18;24;28;26;18;17;0;13;10
1072;1072;k00100000107;1882;m;4951;372;123;7;0;86;1;2;7;76;19;32;22;14;15;10;5;1;8;6
1073;1073;k00200001281;1913;m;12183;894;288;48;0;165;11;30;91;134;61;18;45;20;3;27;21;5;9;6
1074;1074;k00200002011;1833;m;17840;1236;541;42;1;154;3;38;58;290;67;44;34;47;31;47;32;8;69;53
1075;1075;k00200001518;1856;m;12429;1022;335;12;0;202;0;20;37;179;80;53;34;29;47;27;35;5;29;61
1076;1076;k00100000339;1913;m;2068;176;59;4;1;29;0;1;6;15;13;30;12;5;12;3;3;1;3;0
1077;1077;k00200002993;1859;f;7232;594;155;11;0;108;0;12;16;65;61;84;33;22;13;40;9;6;23;12
1078;1078;k00100000305;1839;f;30570;2665;815;50;2;399;13;73;22;415;304;112;357;96;181;90;43;59;174;39
1079;1079;k00200000969;1898;m;7731;444;105;17;1;97;0;52;16;90;35;44;13;14;16;11;15;49;7;6
1080;1080;k00200000799;1917;m;9475;763;336;21;2;104;4;2;64;122;126;9;12;33;1;14;66;0;1;0
1081;1081;k00200003290;1882;m;5290;427;146;12;2;75;0;19;4;60;20;20;20;9;20;22;13;10;21;20
1082;1082;k00200000014;1848;m;8694;822;257;35;1;197;4;11;82;124;87;15;14;27;14;27;25;1;18;5
1083;1083;k00100000259;1897;m;18961;1689;545;69;5;318;9;25;90;310;167;19;30;60;38;19;123;13;54;64
1084;1084;k00200000766;1865;m;16843;1406;454;31;0;352;3;40;53;176;104;27;65;70;52;23;106;4;15;46
1085;1085;k00100000265;1902;m;21134;1975;706;58;3;350;13;21;63;368;217;50;77;99;53;34;59;16;24;61
1086;1086;k00200000996;1919;f;10024;996;313;24;2;151;1;47;36;122;129;69;98;41;11;35;19;19;30;26
1087;1087;k00200003247;1911;f;9692;685;256;15;0;96;2;18;36;64;61;6;45;41;9;43;31;3;42;5
1088;1088;k00200003253;1918;f;6109;456;133;5;1;84;4;18;42;49;47;5;29;18;3;20;21;8;22;7
1089;1089;k00100000271;1911;f;12370;1071;351;14;2;167;1;26;56;141;117;53;60;38;46;19;60;10;62;9
1090;1090;k00200000982;1879;f;11198;1122;446;18;2;177;3;24;56;144;128;79;39;26;15;43;15;5;44;32
1091;1091;k00100000098;1812;f;5415;613;217;35;0;122;5;7;13;51;75;51;20;28;11;14;12;4;17;9
1092;1092;k00200001861;1901;m;588;26;11;1;0;5;0;0;1;7;4;0;0;2;0;0;2;0;1;2
1093;1093;k00200000570;1899;f;7338;555;217;8;0;63;0;5;12;56;54;31;16;23;9;14;16;4;101;16
1094;1094;k00200002401;1894;m;16618;1641;730;39;4;209;6;51;71;186;145;47;135;74;26;40;51;26;126;38
1095;1095;k00200001108;1879;m;7633;597;214;9;2;104;7;47;30;91;51;12;29;19;26;8;10;33;38;10
1096;1096;k00200002373;1877;f;14512;1152;385;24;1;308;1;35;57;126;81;53;58;46;16;44;36;16;47;31
1097;1097;k00200000564;1899;f;6786;427;115;7;2;60;0;8;7;52;42;30;21;29;14;21;13;6;60;5
1098;1098;k00200003045;1900;m;11646;1128;335;15;2;253;1;48;51;132;120;49;68;79;36;17;53;18;49;5
1099;1099;k00200002429;1857;m;10417;703;225;20;0;135;2;37;30;118;60;36;43;26;42;15;12;14;33;20
1100;1100;k00100000073;1902;f;7497;732;216;16;0;122;1;10;26;78;84;88;42;31;13;18;40;0;23;16
