;lang;year;relfreqs
0;rom;1894;0.1357098186366479
1;rom;1894;0.10774586597040905
2;rom;1870;0.1403118040089087
3;rom;1908;0.1343134313431343
4;rom;1883;0.18413539967373574
5;rom;1873;0.13848844924301829
6;rom;1892;0.15537383177570094
7;rom;1892;0.09501807955002009
8;rom;1906;0.09835282883743136
9;rom;1894;0.1847121969276328
10;rom;1872;0.1817657241777265
11;rom;1887;0.1645095732163868
12;rom;1865;0.23582288314282543
13;rom;1865;0.15154503616042078
14;rom;1861;0.15955176093916756
15;rom;1855;0.20225075289269298
16;rom;1862;0.17825112107623317
17;rom;1864;0.15711993960554874
18;rom;1920;0.16470588235294117
19;rom;1920;0.1421399885255307
20;rom;1920;0.17344961240310078
21;rom;1894;0.14876847290640394
22;rom;1892;0.1290160642570281
23;rom;1912;0.12192424661321537
24;rom;1862;0.17654899272630337
25;rom;1899;0.14917825537294563
26;rom;1896;0.14082122195569352
27;rom;1898;0.1497163695299838
28;rom;1881;0.12949007786988193
29;rom;1903;0.1942231075697211
30;rom;1861;0.14718027371401604
31;rom;1890;0.16066630843632457
32;rom;1920;0.13022002694207455
33;rom;1855;0.1560364464692483
34;rom;1908;0.12240945186906838
35;rom;1902;0.19966092853416798
36;rom;1893;0.12751141552511416
37;rom;1902;0.10955710955710955
38;rom;1882;0.13261013947310163
39;rom;1912;0.17541027710519236
40;rom;1873;0.1583772186463819
41;rom;1906;0.14002232419694902
42;rom;1858;0.14918835351713475
43;rom;1873;0.11939993876926216
44;rom;1863;0.13732427148310214
45;rom;1855;0.10375275938189846
46;rom;1903;0.115802034206489
47;rom;1891;0.08795235913879981
48;rom;1882;0.13531553398058252
49;rom;1885;0.10306345733041576
50;rom;1883;0.13177014531043593
51;rom;1907;0.1595501334349981
52;rom;1902;0.17730299667036625
53;rom;1904;0.08109724833361819
54;rom;1906;0.1178584706902962
55;rom;1904;0.14135237147789448
56;rom;1912;0.11793185347583814
57;rom;1889;0.1670428893905192
58;rom;1907;0.16473554339663127
59;rom;1903;0.1641224665804226
60;rom;1906;0.16790598512817848
61;rom;1887;0.10315910396323952
62;rom;1898;0.11019586307889438
63;rom;1909;0.13805970149253732
64;rom;1920;0.15798922800718132
65;rom;1913;0.1377101681345076
66;rom;1864;0.1278843480678343
67;rom;1913;0.15577804174444257
68;rom;1908;0.23584081836327345
69;rom;1920;0.16287015945330297
70;rom;1906;0.20630198865201343
71;rom;1902;0.1432609342457602
72;rom;1920;0.1810600593376634
73;rom;1910;0.12702750876359098
74;rom;1914;0.12609335758205595
75;rom;1920;0.14344626542002914
76;rom;1914;0.16676137313233277
77;rom;1912;0.12012061403508772
78;rom;1904;0.16009354735835016
79;rom;1883;0.13937153419593346
80;rom;1916;0.12946428571428573
81;rom;1906;0.18018098736672342
82;rom;1918;0.15235585864848109
83;rom;1899;0.11313068003760576
84;rom;1911;0.1368704344482891
85;rom;1871;0.12436363636363636
86;rom;1916;0.17900485436893204
87;rom;1899;0.16633399866932802
88;rom;1875;0.17675741568468104
89;rom;1908;0.1292580494633691
90;rom;1920;0.14627622131493734
91;rom;1910;0.12794371051120046
92;rom;1911;0.2094913972395538
93;rom;1903;0.15224302366654893
94;rom;1862;0.12887474228668572
95;rom;1853;0.16173776498298875
96;rom;1860;0.12012562156503533
97;rom;1871;0.10204390613171839
98;rom;1876;0.10422397457057277
99;rom;1863;0.1321347530109967
0;nor;1880;0.15291338582677166
1;nor;1892;0.16687314172447967
2;nor;1918;0.12827317763623497
3;nor;1883;0.1381982346203086
4;nor;1855;0.1466379774072082
5;nor;1883;0.1648824904638858
6;nor;1907;0.19212657750988887
7;nor;1886;0.16462778568041725
8;nor;1860;0.18091934084995664
9;nor;1919;0.13972363831499865
10;nor;1892;0.13862058557198914
11;nor;1886;0.15486411973217803
12;nor;1887;0.10183021806853583
13;nor;1888;0.16928124679585768
14;nor;1882;0.16449378692198002
15;nor;1874;0.1540875309661437
16;nor;1885;0.18632966326448605
17;nor;1892;0.18835192069392812
18;nor;1881;0.17371616754142225
19;nor;1905;0.17630099466628227
20;nor;1892;0.11154020899591095
21;nor;1891;0.11091032301784504
22;nor;1881;0.14572217111315547
23;nor;1915;0.14404626303338297
24;nor;1840;0.15279415232256544
25;nor;1858;0.14317925591882752
26;nor;1867;0.14904909332153915
27;nor;1881;0.14505269320843092
28;nor;1882;0.13381410256410256
29;nor;1892;0.16697220796362836
30;nor;1898;0.14235944257568478
31;nor;1895;0.14872068230277186
32;nor;1896;0.19420783645655879
33;nor;1898;0.13768755516328332
34;nor;1899;0.19239483191476334
35;nor;1900;0.11396238444373605
36;nor;1902;0.14551083591331268
37;nor;1904;0.09686764439616151
38;nor;1906;0.15208308463650472
39;nor;1904;0.17790432801822323
40;nor;1905;0.15906254333656913
41;nor;1905;0.11576731725985458
42;nor;1894;0.13899915403136592
43;nor;1893;0.17401719036212485
44;nor;1902;0.1819527539628693
45;nor;1912;0.16663608001468158
46;nor;1857;0.17263703064307295
47;nor;1895;0.1369141653501843
48;nor;1909;0.17507418397626112
49;nor;1914;0.16582576522031617
50;nor;1911;0.17570815855210445
51;nor;1896;0.155049786628734
52;nor;1890;0.15330739299610896
53;nor;1906;0.14808110065170166
54;nor;1866;0.1749034749034749
0;deu;1845;0.1262247237856994
1;deu;1853;0.13753511664834495
2;deu;1859;0.1516707196253265
3;deu;1859;0.138612433290062
4;deu;1855;0.15217308931074988
5;deu;1847;0.1454183266932271
6;deu;1841;0.13515182707153886
7;deu;1843;0.14906505135633394
8;deu;1859;0.154851056748211
9;deu;1848;0.12266171640725404
10;deu;1855;0.12635
11;deu;1847;0.1443972557987586
12;deu;1856;0.15035475792988315
13;deu;1840;0.13994250858865595
14;deu;1840;0.17695454122896717
15;deu;1846;0.13916409382056127
16;deu;1843;0.138366124893071
17;deu;1845;0.13320810192747468
18;deu;1846;0.13487031700288185
19;deu;1846;0.1439768161759863
20;deu;1843;0.15199774504967936
21;deu;1844;0.1699838622915546
22;deu;1841;0.1510966693744923
23;deu;1861;0.12964739683543974
24;deu;1855;0.11831480953738006
25;deu;1879;0.15107091861018562
26;deu;1876;0.10949059395476643
27;deu;1871;0.12699107299142307
28;deu;1879;0.14746897990556715
29;deu;1864;0.125
30;deu;1870;0.13619075482738444
31;deu;1874;0.0859148651660352
32;deu;1855;0.13215968261839822
33;deu;1879;0.13441051136363635
34;deu;1878;0.1324905627249583
35;deu;1880;0.11979736342179495
36;deu;1872;0.14994356659142213
37;deu;1864;0.11645863570391872
38;deu;1861;0.1564460476787955
39;deu;1867;0.14107038976148925
40;deu;1868;0.13461858068805052
41;deu;1865;0.12513513513513513
42;deu;1869;0.1715649901603381
43;deu;1876;0.1234588264401468
44;deu;1865;0.09153005464480875
45;deu;1879;0.18240106124253813
46;deu;1862;0.11319779462439697
47;deu;1880;0.1213030733209196
48;deu;1863;0.12394822006472492
49;deu;1867;0.11722925972028996
50;deu;1885;0.16135173726796764
51;deu;1880;0.15875865606565787
52;deu;1884;0.1569713758079409
53;deu;1898;0.1511443250817375
54;deu;1890;0.14097609846858453
55;deu;1889;0.14924181963288108
56;deu;1896;0.1615746769508164
57;deu;1881;0.13074484944532488
58;deu;1888;0.17391950096539432
59;deu;1897;0.14745308310991956
60;deu;1888;0.12119723613976488
61;deu;1895;0.14454135338345864
62;deu;1894;0.1585168018539977
63;deu;1892;0.12221664155365813
64;deu;1897;0.15808008347463154
65;deu;1898;0.16115683047260757
66;deu;1895;0.13085969852575782
67;deu;1898;0.10731628358692133
68;deu;1888;0.11423722758127902
69;deu;1882;0.1392570468545828
70;deu;1886;0.13837584286133098
71;deu;1887;0.14369345396487493
72;deu;1899;0.15706997084548105
73;deu;1889;0.1537382240930046
74;deu;1896;0.15404219170324224
75;deu;1908;0.1270442156268928
76;deu;1903;0.1779007923586237
77;deu;1919;0.1357336861898461
78;deu;1910;0.14738341046635814
79;deu;1907;0.1545258620689655
80;deu;1901;0.14016982895217975
81;deu;1915;0.11641077271583186
82;deu;1914;0.14631043256997456
83;deu;1909;0.1273759565539373
84;deu;1914;0.14975422810963926
85;deu;1905;0.12811059907834102
86;deu;1903;0.14382767191383597
87;deu;1906;0.2040203327171904
88;deu;1909;0.12296462661426165
89;deu;1912;0.18694690265486727
90;deu;1918;0.11789297658862877
92;deu;1920;0.1419068736141907
93;deu;1908;0.14616225406849648
94;deu;1918;0.1060184507248499
95;deu;1915;0.14933837429111532
96;deu;1911;0.15344678396308048
97;deu;1913;0.1682653876898481
98;deu;1914;0.11920260374288039
99;deu;1903;0.1250758035172832
0;slv;1891;0.1288784812243874
1;slv;1896;0.107596807567248
2;slv;1883;0.12738853503184713
3;slv;1897;0.10975191494226592
4;slv;1894;0.13272238900300207
5;slv;1892;0.11476664116296863
6;slv;1881;0.13758662861801876
7;slv;1883;0.10746168098366178
8;slv;1877;0.1280193236714976
9;slv;1883;0.126078301260783
10;slv;1891;0.10794117647058823
11;slv;1885;0.10034354423131978
12;slv;1870;0.13449407014887713
13;slv;1892;0.15463558879805184
14;slv;1895;0.12409177820267686
15;slv;1894;0.1405991809756448
16;slv;1891;0.09028200446338
17;slv;1883;0.14916512059369202
18;slv;1893;0.11690719987099896
19;slv;1885;0.11635621331972441
20;slv;1876;0.12415488629379226
21;slv;1881;0.14799353622407757
22;slv;1886;0.15094647519582247
23;slv;1887;0.1464195836193091
24;slv;1885;0.15609990393852066
25;slv;1896;0.16388225934765313
26;slv;1897;0.13374510036821474
27;slv;1899;0.11935585727818124
28;slv;1897;0.11067073170731707
29;slv;1877;0.16717660017133765
30;slv;1903;0.12381293674968644
31;slv;1917;0.119533527696793
32;slv;1916;0.1624203821656051
33;slv;1909;0.13496932515337423
34;slv;1910;0.1165398066241514
35;slv;1917;0.12166838118395212
36;slv;1882;0.13611139138331146
37;slv;1908;0.11349490133757119
38;slv;1900;0.19516544481870418
39;slv;1909;0.1584986213644045
40;slv;1906;0.13970588235294118
41;slv;1902;0.12029495927801012
42;slv;1905;0.1235467255334805
43;slv;1901;0.14980949082092138
44;slv;1915;0.10897700107163466
45;slv;1895;0.14545844044558698
46;slv;1901;0.10271104253912276
47;slv;1903;0.13507162041181736
48;slv;1904;0.13285847011458657
49;slv;1904;0.11363145387772737
50;slv;1910;0.13846153846153847
51;slv;1904;0.1188893653516295
52;slv;1907;0.12081662413415968
53;slv;1909;0.16828563927540036
54;slv;1909;0.15175410363694883
55;slv;1895;0.1267080745341615
56;slv;1917;0.1152129817444219
57;slv;1918;0.13642544190965403
58;slv;1913;0.12740893545410129
59;slv;1904;0.11312820512820512
60;slv;1903;0.1182368915813662
61;slv;1912;0.09182464454976304
62;slv;1905;0.1041061046511628
63;slv;1909;0.10915036712531623
64;slv;1911;0.11332370123751492
65;slv;1904;0.11252604769622598
66;slv;1876;0.11105263157894738
68;slv;1905;0.13222384784198976
69;slv;1907;0.068543504583982
70;slv;1910;0.18908544726301735
71;slv;1866;0.1752349364289663
72;slv;1876;0.17348130841121495
73;slv;1876;0.16523400191021967
74;slv;1873;0.15211891208096143
75;slv;1877;0.1640841173215274
76;slv;1884;0.09869848156182212
77;slv;1904;0.13061018658598084
78;slv;1907;0.16763101339064307
79;slv;1914;0.13895368210596468
80;slv;1886;0.13513513513513514
81;slv;1903;0.142853933089177
82;slv;1913;0.11300044649501415
83;slv;1917;0.10384462940943322
84;slv;1898;0.15468651044965168
85;slv;1896;0.147808650816385
86;slv;1910;0.10813976185828617
87;slv;1870;0.1995880064087892
88;slv;1875;0.18793018682399212
89;slv;1876;0.19059583632447955
90;slv;1919;0.11866681579241696
91;slv;1911;0.12649253731343282
92;slv;1889;0.11965607833771197
93;slv;1889;0.13240270727580372
95;slv;1911;0.1634142917310122
96;slv;1900;0.15172215431077873
97;slv;1859;0.11792666364870982
98;slv;1884;0.135386523356759
99;slv;1913;0.16806722689075632
0;spa;1844;0.09908683114386414
1;spa;1852;0.09204957678355502
2;spa;1855;0.08751229105211406
3;spa;1844;0.14960223924572774
4;spa;1852;0.12020378920554052
5;spa;1855;0.10163468372423597
6;spa;1859;0.13649720834557744
7;spa;1856;0.11362835600028187
8;spa;1840;0.12431077694235589
9;spa;1856;0.12515547263681592
10;spa;1852;0.09121651686393166
11;spa;1850;0.12322007613139715
12;spa;1842;0.10901606692338335
13;spa;1859;0.110723760661273
14;spa;1856;0.10257229589391277
15;spa;1857;0.11418992209841239
16;spa;1853;0.13302630413603755
17;spa;1856;0.09235748070699527
18;spa;1841;0.13774226956650393
19;spa;1842;0.13094367227505485
20;spa;1857;0.111197815060476
21;spa;1853;0.12186279977691021
22;spa;1846;0.13748674234984484
23;spa;1877;0.13072519083969467
24;spa;1867;0.13725868725868726
25;spa;1873;0.11999406704242065
26;spa;1875;0.11728024042073629
27;spa;1874;0.11325374961738598
28;spa;1872;0.16184351554126475
29;spa;1872;0.13234714003944772
30;spa;1857;0.09721706864564007
31;spa;1878;0.161231884057971
32;spa;1874;0.07596982758620689
33;spa;1863;0.06610235202894806
34;spa;1860;0.12102597767982744
35;spa;1862;0.11211726154821888
36;spa;1875;0.11293721028234302
37;spa;1876;0.12346263008514664
38;spa;1879;0.11745490697344127
39;spa;1874;0.13209435310936382
40;spa;1876;0.13849670566088476
41;spa;1875;0.12494904198940074
42;spa;1879;0.10654462242562929
43;spa;1878;0.12622051737255896
44;spa;1865;0.13499867127292053
45;spa;1887;0.1463209971504991
46;spa;1884;0.15435858886959228
47;spa;1890;0.15194718208783847
48;spa;1886;0.09762168141592921
49;spa;1887;0.11207273363056211
50;spa;1881;0.12115982050396962
51;spa;1885;0.11228121141695112
52;spa;1895;0.11367413414877352
53;spa;1894;0.1231406514780644
54;spa;1898;0.11076970348747887
55;spa;1894;0.12294372294372294
56;spa;1880;0.06810240772504923
57;spa;1890;0.09427812650893289
58;spa;1890;0.1034763163244562
59;spa;1885;0.15476190476190477
60;spa;1896;0.1395067165822506
61;spa;1881;0.1449070806868972
62;spa;1897;0.07571772956388341
63;spa;1885;0.12092911877394635
64;spa;1887;0.1053921568627451
65;spa;1891;0.10192350210037586
66;spa;1890;0.09895165987186955
67;spa;1889;0.12422360248447205
68;spa;1892;0.10582317662990907
69;spa;1885;0.1578773350967102
70;spa;1886;0.1397712833545108
71;spa;1883;0.11192553810354858
72;spa;1881;0.09621704241497898
73;spa;1882;0.10861509958314035
74;spa;1910;0.1295257521672616
75;spa;1910;0.13857290589451912
76;spa;1914;0.1768595041322314
77;spa;1914;0.09971157807993407
78;spa;1903;0.09492419248516809
79;spa;1915;0.06394052044609666
80;spa;1909;0.08973137740522004
81;spa;1905;0.10326699211415696
82;spa;1902;0.12549277266754272
83;spa;1909;0.0942350332594235
84;spa;1900;0.12074244163796402
85;spa;1915;0.13788167938931298
86;spa;1919;0.13052109181141439
87;spa;1918;0.11807600617024261
88;spa;1917;0.1825726141078838
89;spa;1902;0.1518062225934433
90;spa;1900;0.1181562432373945
91;spa;1902;0.09755443886097152
92;spa;1903;0.10221424296828246
93;spa;1917;0.13581129378127232
94;spa;1917;0.07578279825604439
95;spa;1907;0.12059987502603624
96;spa;1914;0.10927665784912889
97;spa;1908;0.11506809409365669
98;spa;1905;0.07402307894046682
99;spa;1909;0.10925771476230192
0;hun;1854;0.082238385734397
1;hun;1859;0.08854302903478943
2;hun;1916;0.13738240177089098
3;hun;1898;0.1241250583294447
4;hun;1845;0.09349593495934959
5;hun;1901;0.10340818254487319
6;hun;1857;0.09244280101687082
7;hun;1916;0.13001852995676344
8;hun;1878;0.11083402604599613
9;hun;1855;0.09014659762234702
10;hun;1876;0.10252237591537836
11;hun;1919;0.08586232420429311
12;hun;1880;0.15137130801687765
13;hun;1889;0.08173436331921256
14;hun;1908;0.10024779376603052
15;hun;1895;0.09454384802297328
16;hun;1910;0.10068775790921596
17;hun;1846;0.12462178517397882
18;hun;1858;0.11430348258706467
19;hun;1856;0.11055109387981168
20;hun;1911;0.13249001331557922
21;hun;1860;0.10098416773641421
22;hun;1852;0.08860983374602052
23;hun;1842;0.10957799905168326
24;hun;1847;0.0850227420402859
25;hun;1911;0.11224702691424995
26;hun;1906;0.12742063492063493
27;hun;1854;0.10420714708118611
28;hun;1873;0.09216497597437266
29;hun;1862;0.08691844553913519
30;hun;1919;0.11665764302472478
31;hun;1899;0.08385579937304075
32;hun;1895;0.104638619201726
33;hun;1913;0.10891089108910891
34;hun;1845;0.09098494816906832
35;hun;1846;0.07711702020371802
36;hun;1854;0.10952902519167579
37;hun;1861;0.10130718954248366
38;hun;1872;0.1311694626793095
39;hun;1860;0.11068325434439179
40;hun;1875;0.09710566877890049
41;hun;1887;0.1022932516008976
42;hun;1855;0.06459870501430508
43;hun;1920;0.09340047051054522
44;hun;1918;0.11924603174603175
45;hun;1852;0.09283321075426984
46;hun;1920;0.08055009823182711
47;hun;1918;0.12291852040167789
48;hun;1912;0.06895970325408869
49;hun;1894;0.06833644409657415
50;hun;1892;0.1311681772406848
51;hun;1902;0.08050161812297735
52;hun;1903;0.0926534140017286
53;hun;1911;0.083956492182189
54;hun;1901;0.08802946593001841
55;hun;1895;0.11178861788617886
56;hun;1897;0.0949579831932773
57;hun;1907;0.08649398704902868
58;hun;1886;0.12228487886382623
59;hun;1892;0.10811367380560132
60;hun;1888;0.0854366631117431
61;hun;1895;0.1391689205802803
62;hun;1898;0.09855706165282029
63;hun;1881;0.13145294680943675
64;hun;1897;0.102
65;hun;1867;0.11258507324950975
66;hun;1895;0.13351449275362318
67;hun;1866;0.12427135253865
68;hun;1878;0.11743442395031976
69;hun;1896;0.11683046683046683
70;hun;1896;0.10759685230024213
71;hun;1896;0.08016967126193002
72;hun;1892;
73;hun;1892;0.11416007036059807
74;hun;1891;0.09249834034078336
75;hun;1909;0.09960469907020768
76;hun;1893;0.11598384304673975
77;hun;1893;0.1352549889135255
78;hun;1856;0.10415791684166317
79;hun;1914;0.12431132925974156
80;hun;1908;0.09380203515263645
81;hun;1869;0.0770656779661017
82;hun;1908;0.15026875438186493
83;hun;1908;0.14256368118323748
84;hun;1920;0.08637732506643046
85;hun;1919;0.12569747387643299
86;hun;1908;0.11318518518518518
87;hun;1906;0.13152081563296517
88;hun;1864;0.1073360744427613
89;hun;1872;0.12488393686165274
90;hun;1866;0.06973908802731041
91;hun;1863;0.1274468085106383
92;hun;1848;0.10435486045570985
93;hun;1860;0.08186596583442839
94;hun;1882;0.11618018846242244
95;hun;1862;0.10299569181444745
96;hun;1860;0.13038328115745834
97;hun;1878;0.14302635475273912
98;hun;1846;0.09196313546724805
99;hun;1857;0.09857702619096721
100;hun;1844;0.09011576916330469
0;fra;1860;0.1172537927487786
1;fra;1883;0.12093107837788689
2;fra;1910;0.11376534248383265
3;fra;1858;0.08019990480723466
4;fra;1894;0.09430164137503871
5;fra;1902;0.09092471639738742
6;fra;1853;0.122344217881078
7;fra;1851;0.11185114705571414
8;fra;1854;0.10020754961733039
9;fra;1881;0.10948830558676335
10;fra;1886;0.10845666968067387
11;fra;1852;0.1274248414084766
12;fra;1843;0.12794033275960986
13;fra;1868;0.1218560860793544
14;fra;1919;0.10094234147899697
15;fra;1890;0.11937734836285561
16;fra;1889;0.09851138353765324
17;fra;1868;0.0873365915683236
18;fra;1857;0.08893048128342246
19;fra;1845;0.09397402228689049
20;fra;1869;0.09300776044524575
21;fra;1857;0.09635531946288918
22;fra;1862;0.07646237934643563
23;fra;1877;0.0933413497670224
24;fra;1874;0.09190887666928516
25;fra;1881;0.11568546727048168
26;fra;1912;0.09747080077304428
27;fra;1887;0.0892154538990282
28;fra;1893;0.08382978723404255
29;fra;1900;0.07788992572843267
30;fra;1847;0.09264897781644194
31;fra;1844;0.11559301625526791
32;fra;1869;0.09742557225795101
33;fra;1912;0.09468190854870775
34;fra;1854;0.13572463768115942
35;fra;1888;0.11385286353724319
36;fra;1867;0.11277729582352213
37;fra;1876;0.10745192307692308
38;fra;1888;0.12131849315068494
39;fra;1878;0.11878039655817434
40;fra;1878;0.11393418025407623
41;fra;1904;0.077126381547333
42;fra;1883;0.09820841551610783
43;fra;1869;0.11069733479372033
44;fra;1878;0.11556545409552091
45;fra;1888;0.11371849626883183
46;fra;1885;0.11327214798611442
47;fra;1883;0.09834552297095789
48;fra;1883;0.09736869048837923
49;fra;1903;0.11486212489862124
50;fra;1885;0.09790848479313179
51;fra;1890;0.0948112737775122
52;fra;1894;0.09634867032503167
53;fra;1852;0.09887440278565066
54;fra;1887;0.09225528364849833
55;fra;1865;0.09960281087687137
56;fra;1855;0.09155518394648829
57;fra;1913;0.11745666179079393
58;fra;1872;0.13803343071986207
59;fra;1867;0.14300877045975086
60;fra;1840;0.11765423563382
61;fra;1846;0.11031970861999191
62;fra;1878;0.1182244519576835
63;fra;1878;0.09312373598087884
64;fra;1898;0.09827115559599636
65;fra;1863;0.12012644889357219
66;fra;1912;0.11695624344857654
67;fra;1847;0.09644639162711452
68;fra;1916;0.08633869952333843
69;fra;1908;0.10049730625777041
70;fra;1907;0.0954052529304833
71;fra;1919;0.10037717483878818
72;fra;1909;0.1183187946074544
73;fra;1845;0.10256287768409487
74;fra;1904;0.08019118428040362
75;fra;1856;0.11394712853236098
76;fra;1906;0.09514866979655712
77;fra;1849;0.13787631047417526
78;fra;1910;0.07965225563909774
79;fra;1904;0.09999715836435452
80;fra;1857;0.1012943505405817
81;fra;1912;0.11515474919957311
82;fra;1907;0.07584830339321358
83;fra;1902;0.1124124028031103
84;fra;1848;0.10420492104296732
85;fra;1845;0.09210223347916187
86;fra;1884;0.11313680299955282
87;fra;1876;0.10427709069493522
88;fra;1897;0.13402061855670103
89;fra;1902;0.10924174290587688
90;fra;1882;0.10525830258302583
91;fra;1861;0.1051431094106394
92;fra;1879;0.1262499233175879
93;fra;1892;0.08222413052812366
94;fra;1856;0.10579896907216495
95;fra;1886;0.10590473506200676
96;fra;1853;0.10831317352100286
97;fra;1910;0.09164627417110503
98;fra;1897;0.12087087087087087
99;fra;1913;0.10909270655693136
0;por;1868;0.09899317288462865
1;por;1908;0.097429387496033
2;por;1848;0.07223065250379362
3;por;1846;0.1101972303818716
4;por;1888;0.08022604837857822
5;por;1855;0.08089260808926081
6;por;1868;0.10717579009137396
7;por;1900;0.060061259821547475
8;por;1875;0.08654916868256345
9;por;1862;0.10777330442861567
10;por;1858;0.09517063747585319
11;por;1854;0.1211266849256216
12;por;1906;0.09543182610717192
13;por;1906;0.08904467929266506
14;por;1867;0.12193489289740699
15;por;1865;0.0794348508634223
16;por;1874;0.08693738307472212
17;por;1908;0.07151011935651272
18;por;1914;0.10217719336063807
19;por;1917;0.06796793307772743
20;por;1888;0.0995517810804435
21;por;1892;0.0865979381443299
22;por;1844;0.0590055910543131
23;por;1873;0.10081585081585082
24;por;1870;0.11836048158640226
25;por;1883;0.09454003652792464
26;por;1873;0.103927556070338
27;por;1875;0.08548350908682971
28;por;1876;0.0762493560020608
29;por;1861;0.07478721919910702
30;por;1897;0.05956742701808297
31;por;1899;0.09519270053111807
32;por;1904;0.11775823814610896
33;por;1874;0.10045207956600362
34;por;1900;0.10656828353695416
35;por;1881;0.089142735133981
36;por;1905;0.09061978698832285
37;por;1843;0.07875678937839468
38;por;1846;0.11679711017459361
39;por;1857;0.08008948545861297
40;por;1916;0.07583500638802701
41;por;1904;0.060322771108049594
42;por;1886;0.08587905236907731
43;por;1877;0.11232449297971919
44;por;1870;0.09283819628647215
45;por;1875;0.09098023870084132
46;por;1863;0.07748817550568582
47;por;1864;0.11033274956217162
48;por;1891;0.11829958886044527
49;por;1866;0.09411142687198466
50;por;1917;0.08260076297893515
51;por;1903;0.0951782449725777
52;por;1891;0.0712330397524399
53;por;1901;0.07824591573516768
54;por;1873;0.09514721919302072
55;por;1892;0.0931520644511581
56;por;1849;0.11783161931322991
57;por;1895;0.08867223769730734
58;por;1875;0.09878367625326816
59;por;1881;0.09262851600387972
60;por;1871;0.11540093338990241
61;por;1908;0.0999099909990999
62;por;1870;0.09531165520970108
63;por;1873;0.09915118710788536
64;por;1914;0.10685720379652341
65;por;1916;0.07190082644628099
66;por;1867;0.09717672749961004
67;por;1899;0.08489537925021796
68;por;1867;0.11882825419324357
69;por;1857;0.09450612012524907
70;por;1881;0.06223698781838317
71;por;1900;0.07595245848257896
72;por;1867;0.09728212500855754
73;por;1900;0.0810840108401084
74;por;1906;0.11492623848482897
75;por;1894;0.049420666824308346
76;por;1857;0.09952710876498405
77;por;1908;0.058781589162639626
78;por;1879;0.0680959167234649
79;por;1903;0.11072828173903895
80;por;1878;0.093778674986236
81;por;1858;0.10452210312678378
82;por;1908;0.09554655870445344
83;por;1866;0.08100213459161892
84;por;1863;0.10355737325410912
85;por;1912;0.11812327506899724
86;por;1908;0.08661996361806712
87;por;1864;0.11200345734144848
88;por;1868;0.09975062344139651
89;por;1892;0.06346967559943582
90;por;1876;0.08571767075410225
91;por;1878;0.09176492093958505
92;por;1874;0.12092592592592592
93;por;1862;0.09111286919831224
94;por;1905;0.09348966368404814
95;por;1858;0.10042194092827005
96;por;1906;0.10377358490566038
97;por;1901;0.10443456315346714
98;por;1903;0.10886126704089816
99;por;1889;0.0874132317709933
0;eng;1840;0.07790802048682613
1;eng;1841;0.07107510952816214
2;eng;1844;0.07261560693641618
3;eng;1844;0.05394284004189735
4;eng;1845;0.058461209812368714
5;eng;1846;0.04912410543774904
6;eng;1847;0.08456231407051079
7;eng;1847;0.05966325036603221
8;eng;1848;0.05938813449725186
9;eng;1848;0.0662510233641917
10;eng;1848;0.09073506891271056
11;eng;1849;0.060302985733196056
12;eng;1850;0.05267008046817849
13;eng;1851;0.08925014457366831
14;eng;1853;0.07590834052736002
15;eng;1853;0.08670841745292736
16;eng;1854;0.0759701413521097
17;eng;1855;0.06478227654698243
18;eng;1856;0.08559898045879354
19;eng;1856;0.09006776005536689
20;eng;1857;0.06905387226955352
21;eng;1860;0.0786497746790239
22;eng;1861;0.07393053016453383
23;eng;1862;0.07658187056905638
24;eng;1862;0.07785536159600998
25;eng;1863;0.061931160019857684
26;eng;1864;0.08564341990078786
27;eng;1864;0.07427159209157128
28;eng;1865;0.0873430398274401
29;eng;1865;0.0887464147123334
30;eng;1865;0.09868667917448405
31;eng;1866;0.0772028628417224
32;eng;1866;0.08373455610750223
33;eng;1867;0.06804067595318801
34;eng;1870;0.0822283132083858
35;eng;1871;0.04980996199239848
36;eng;1872;0.07299603779335569
37;eng;1872;0.08532764701057984
38;eng;1874;0.10111405835543767
39;eng;1874;0.057595243033948695
40;eng;1874;0.07498741821841973
41;eng;1876;0.06948676584812093
42;eng;1877;0.09596641175588544
43;eng;1880;0.07161225220533186
44;eng;1882;0.08771454870323245
45;eng;1883;0.05782184212517975
46;eng;1883;0.06430069366026779
47;eng;1884;0.10430403593942468
48;eng;1885;0.06934931506849315
49;eng;1886;0.06718857932304859
50;eng;1887;0.07182217675370271
51;eng;1887;0.06915085636356344
52;eng;1887;0.08697332817935834
53;eng;1888;0.07032098971829809
54;eng;1889;0.09585166561910748
55;eng;1890;0.06828955797565663
56;eng;1890;0.0752039858473536
57;eng;1891;0.07615006699419384
58;eng;1891;0.08773827227254292
59;eng;1892;0.07518884369552585
60;eng;1893;0.10511084416293547
61;eng;1893;0.08251695553880935
62;eng;1894;0.07585373224539135
63;eng;1894;0.07798353909465021
64;eng;1895;0.08715917035656025
65;eng;1895;0.06503150315031503
66;eng;1895;0.09069767441860466
67;eng;1895;0.08832246591582692
68;eng;1895;0.08437964088024841
69;eng;1896;0.07266811279826464
70;eng;1896;0.07628475760663853
71;eng;1897;0.06384464934339201
72;eng;1897;0.058475091130012154
73;eng;1897;0.0687960687960688
74;eng;1898;0.05185227532586325
75;eng;1900;0.08239307268433482
76;eng;1900;0.10063137445361826
77;eng;1900;0.06977084349098
78;eng;1901;0.059901295496607034
79;eng;1901;0.09497206703910614
80;eng;1902;0.08328968046097433
81;eng;1906;0.09533724994422547
82;eng;1907;0.07492195629552549
83;eng;1907;0.08242978445460483
84;eng;1908;0.08101165777514326
85;eng;1909;0.07771311194796303
86;eng;1909;0.0738266105749402
87;eng;1910;0.07609354699003898
88;eng;1911;0.08723723723723724
89;eng;1912;0.07456506875332371
90;eng;1912;0.08468176914778856
91;eng;1915;0.07891990607878946
92;eng;1917;0.07513966480446928
93;eng;1918;0.06149410222804718
94;eng;1918;0.07935368043087972
95;eng;1919;0.08959055320241303
96;eng;1919;0.05381586349146822
97;eng;1919;0.08881040295392519
98;eng;1920;0.0960614517103484
99;eng;1919;0.09135715543038198
